beta,gamma,exponential,lognorm,normal,poisson
0.3536766572335659,3.3350966751466227,2.1865785286729538,2.169920250686301,54.75565544409896,5
0.2485580660782393,1.6979955382711747,0.34579485272833604,1.7093283977227711,83.85632520060064,6
0.4159590873381714,6.9801452478735015,0.5822182724458109,3.2987411877543162,98.40897236832546,7
0.15996757580999188,3.421965901359671,0.9395987631828321,2.3404766664376084,65.46682134973028,4
0.5502830780616322,3.6292446565707293,4.302218830720722,1.8392896378869554,54.50869336608131,6
0.11094528759339801,5.461395975794804,4.026458575752085,1.3207030685340433,65.11630760351954,13
0.5098966417920571,5.61270314424324,0.347655751415036,1.5566903460812298,70.16805960845657,3
0.17727037947274454,1.3809031805191612,0.6652623288692178,1.154246735040203,76.76545450008298,7
0.19829047191334445,2.652160976789019,0.24271886580631852,2.2364491771779775,62.903263241943435,7
0.37623678821354994,0.8966572188421451,1.0699791569406751,1.3789657519606202,88.6623824097681,2
0.5434668040445325,4.325700679942062,0.9258982789912307,2.001257624104195,56.62561221990326,5
0.08476376294265023,11.026526343271584,3.4653236356620103,3.8498752356277754,49.1295381739264,2
0.3579287927839609,1.4360178430073773,3.9890052982061492,3.5956321931744304,83.28052509144781,4
0.2733207739503824,0.7259576591669752,0.7257094119167096,2.196992198371238,42.704547625525606,3
0.13437614109485027,1.951950030705225,1.01513715632242,2.149351372777722,67.55044277352741,3
0.35325485000480755,2.7604287722030763,3.398457885454854,4.720665662141625,107.41217355049659,1
0.13279012143275798,5.647668355437568,2.4653284281539793,2.740944168654014,69.85547736448082,7
0.32643436842516804,2.532154907392212,0.005494517983582281,1.952044756083256,56.550788191645005,4
0.1658104012585459,4.383031628196608,0.5786251185543276,1.25808755339755,69.31123043455848,9
0.207734214505591,2.2078470115358657,0.8216863525238766,2.6053037921303464,69.3903905365656,4
0.26340848808284784,2.88381406343385,0.39149455387662957,3.1010150985416542,71.9277992842374,6
0.39001433036648914,1.6472137622050413,0.33391232175368635,1.72864763716997,77.94715578591544,3
0.15364547000727538,1.204944817728061,0.05777527167621935,2.5004759707565274,57.53066597958713,8
0.30550235119832075,5.790829500523351,1.546583517458815,1.9243161964964115,90.25057666284152,6
0.20331388126559594,2.339486904026788,0.45675471609453255,2.0675969523198416,72.94137141247141,5
0.18387687608823067,4.618665326855152,0.08065059866507729,0.8227286648336787,78.72152855682165,3
0.36782408723548077,1.6236790022195653,0.39395610818036525,2.0366115837211254,62.46220720293229,11
0.20209676646387698,3.3519024300064135,2.4285806415826903,3.2796861143202096,85.4365856439464,7
0.18633950452881953,0.3271561331811433,2.8606462087918083,1.7288197975751898,66.91537109424323,6
0.2835202997539891,2.4874569065734105,0.9897608197795869,2.272795444695812,73.33063016192239,6
0.10039930306621207,1.7846989446753585,0.8069629716751594,1.644801514934729,58.80272707375469,6
0.20772938916523406,7.458732250011395,5.7151268188670175,2.57069597725884,58.03682048317448,6
0.30963770735951407,1.026158216315242,0.33577443751600833,2.0408996611056094,78.25846367743459,5
0.04438580012260338,2.979618180914711,0.3637940267019886,1.528525253135561,64.67671803751136,8
0.12457921344554526,4.286522107558815,0.5176853997416062,3.792481624720228,59.75412294994747,6
0.21100332015818626,6.760501882817658,0.2844857681046362,3.227064193229533,62.28179989567563,8
0.3581887554246956,6.131017118651637,0.7155196430725984,1.7472398154031354,78.38743686060906,13
0.6522422663601021,3.1690822851713247,3.6258870355191073,2.7158780925519013,62.451545665556665,4
0.16226602605678067,3.525056073641892,1.4331237528487375,2.759266272607027,68.58814082077403,1
0.0694242954698856,7.454193773672476,0.7964061472415443,2.877496064706556,70.18033300344517,4
0.07684808080982097,3.121813288533671,4.086516221943942,1.1300904136487224,46.99181336787641,2
0.1744335165862888,3.8163363747851675,0.07451700342102979,3.3289023213163835,52.346483135517786,7
0.5434537469656785,7.621032515478098,0.354107980385301,1.772020489128616,74.03533467097076,4
0.061653913446673224,14.74819706612549,1.2516811613151997,1.9287436388546209,61.15564766616764,5
0.23568650663126425,4.064782617400541,1.4339225411452245,6.392674343245592,82.68069893536503,8
0.31329412667520323,4.90881469017728,0.060541755078326376,2.5111714371277554,81.60168525100653,6
0.15258331470398612,6.004579984447596,0.7738546332217143,1.9068849793367046,78.63002399626525,5
0.38688633601837824,7.571757831555511,1.571111696987219,0.9211634861365791,91.83726144775117,2
0.4845897602554896,6.876628209401767,1.7963428293864567,3.880273549422734,69.0029280670818,6
0.0959387779732849,2.0642965596902902,1.5247464193424443,1.2994175578872404,77.78658311084607,5
0.3662241584833629,4.267985311459789,0.5797366427055592,1.4897740119173408,62.987188280847626,6
0.29837284269070247,6.909332480363588,0.14727967238869633,1.949278063860863,99.42843895442468,3
0.2237663665214278,8.666575224151222,0.8355987346422185,3.921854845175371,93.80360382923223,6
0.16429164852136469,2.983864548488155,0.20674711503861817,3.0322229417148976,70.1425652142135,6
0.46138582746288664,4.192339676005681,4.4239504321459275,2.0893750373406212,74.63903475886231,4
0.09832146075036968,4.552533403310045,0.9670237926818066,2.517627086217276,86.31157119237767,7
0.179247512983417,3.4362260756400973,0.5724599341164298,1.7504024323680898,68.23432594223071,4
0.34301873259799726,4.112813450887031,2.1806016868001494,2.3534009055377756,62.120511150403544,0
0.2746698380360602,20.67586308784248,1.0335791389782751,2.291793497945836,80.48787701208259,9
0.4432945779277498,2.8864402549728765,0.5566694891543837,3.2788998622135797,70.94127095300404,1
0.13272443189522465,3.0662417540562226,2.5067126217648323,3.2768128206773848,72.19593339574313,6
0.4006430877209991,0.6405422657690346,3.027826197163371,2.711741240909973,59.98874388318441,4
0.32259603850098684,0.5212719869643666,1.6767301226348876,1.9252599103352412,49.38793421963925,5
0.2923618255131976,4.787882829068113,0.07215456572812345,2.9943552045541444,72.8337089185492,6
0.11357697325263678,6.928656908842643,1.2531824779159173,2.145156721867798,80.8595444979304,8
0.34155895722546276,6.075751793901944,2.161410400676604,1.443736078313286,67.2903190110875,4
0.16999587395941756,1.619618161632866,0.22014730444198044,1.893988424800843,87.2371542347064,5
0.8014732049023443,5.829354493769084,0.38945993335374696,2.3020747775732193,61.55300409501346,10
0.13177062408757453,3.028010800356126,3.2119129309065775,3.2029950124168063,57.343546540408965,5
0.12549965919150205,2.4651270459230936,0.03049038150636683,2.0680140096947515,69.19323631364642,7
0.3370138954716538,0.9236195159971266,2.0958942704008483,1.3720699548503876,69.00888909578451,6
0.03439862200520179,1.8076031886313464,0.9630347344127608,2.27663089688109,79.23962477602267,4
0.15937752033309405,4.868554879506423,0.8879780294710617,2.328868240832616,60.70044611123218,3
0.2615158445906097,4.234798367384852,0.010682748972361062,2.3972806958067956,86.41713084177877,5
0.2491194021961276,3.786363639166297,2.5671912641015093,3.215389838178596,93.60300355009905,4
0.06858692463081448,0.27987018575427314,0.6690203209390913,3.345343222821994,69.5302716763799,4
0.4595064072499053,3.8157202459771606,1.1672918880730867,1.754731144292942,84.99652504221183,5
0.5414781386117564,2.0378069359013575,1.6965514601701366,1.7394041582266033,57.32203515249688,2
0.26059606181093153,4.257336174540444,1.8191650498922711,1.468028751686171,82.90265849418299,7
0.06753590748378506,7.727400660715553,4.6846688088502075,2.9432848928359245,82.56731690271354,3
0.046768834972726804,2.304792334513161,1.1368164305262338,3.973026088800583,80.36124736227855,5
0.12713147658095109,3.607605900656032,0.7655374768916297,1.9620056264222423,69.81324293355647,6
0.32659872582781224,11.874605338149385,4.609037470368602,2.0206672408240287,34.54901270509563,8
0.11912486541113902,4.101979185766858,1.5412953885959215,4.001674997162863,62.299274276174444,5
0.10776704550146234,3.276139523882004,0.5310541209402881,2.7243316753593856,62.48900778778477,3
0.3246010263074085,1.6439663576573735,0.2028093265195628,2.6498268067539223,58.260940743274276,3
0.21935449118475614,5.9429100937085755,2.7730138824768584,1.3821405182135544,71.46691605456479,5
0.30479223202169475,1.3959341853068112,0.6745525200511282,2.9197302378418675,64.97243865374519,7
0.403730071467841,7.958813290675144,1.620288224990833,1.5347161782744714,60.104655882819735,5
0.18412892169781056,5.3609925471778554,0.9546298109867875,1.4139566730902247,57.294398221026164,5
0.23447365948588197,2.09981308750424,0.33271000512311855,1.9372924797696542,61.41384417417726,10
0.175068748991844,1.6944563278816294,1.3807742520302893,1.7606497386664206,83.45799054219914,2
0.2673316734797696,1.7313963496802496,0.09390350544978156,2.0367596176323213,62.06769934447007,6
0.238699744225137,0.5328281693639302,0.7999710545065162,1.2505798780566193,63.82073552280073,7
0.3257956107307605,4.705101282971156,1.186520237619601,3.2658710871189456,64.51962861972105,4
0.4434878606676832,0.3331752166343708,0.8591764775954387,3.4940954087975205,74.06792216571304,11
0.3855671372233749,3.116004419363007,2.071495675990113,1.0212864012172933,75.4749938623424,5
0.09615258168656671,2.960076841408039,2.639736879812234,3.2916307881812017,33.46412152908205,4
0.2089847738799713,2.5589602845105497,2.212642946751407,1.6092826940494422,82.2596225659313,1
0.16619623428044838,4.681836326274004,0.0593793685146434,3.1355049032742013,87.23641641092505,11
0.22721487350505115,2.1043110231289823,0.3237469710908592,2.1654352985570595,57.39776155165997,3
0.47592049646427265,3.8230317239695433,1.1537713077414944,2.2513053997216286,58.33242106318198,2
0.11588479103164939,7.957752954441112,4.095950866223604,2.066716136745801,64.59695934666074,7
0.1718540724955221,5.0874230393544595,2.70232180501265,3.6141318755434386,60.92795176652074,5
0.24093580883068486,2.3778507646672398,2.772823418053293,1.3554924160439972,72.68712248735928,1
0.19658545353951165,3.3537213090093854,0.5419029189599344,2.8381037499703305,46.64169656369363,6
0.15450740124203077,2.5613101228385977,0.8417261779936274,3.457452568262544,56.584868703559124,4
0.3024753876496196,2.926771052056601,0.954316704558599,2.9639891066748256,88.47036640209889,9
0.2628503990216566,3.9114924994654294,0.25684380757098946,5.639974621294513,58.86136039182379,4
0.17838548982713623,0.8798888428777082,0.04734146911953643,1.8011426965708175,84.9211393372351,9
0.07140336869412171,0.6735583282971631,4.403449434001945,3.2638971592978057,74.26405834708164,5
0.36804793518398227,1.5187149395385942,0.4130623473759797,2.1330731767514153,48.2887874249409,2
0.16500239921085022,4.843120884936497,0.4115544240287035,3.645022107285268,77.62395034259447,8
0.6463769483914986,5.326590299737459,0.1305918826082511,2.2187065738737406,68.58799237368576,2
0.5031230845032987,5.895652454234398,3.9572493809310347,1.9057005566604235,64.53439532500312,7
0.40864698504559716,1.5748725519142777,1.3003122700483236,3.752524755411108,72.93948511806404,9
0.3784719386186748,3.591930290222397,1.649585215778286,1.8282792508143668,75.69560182680151,3
0.4808171104256129,2.439383969552433,3.6384328308179557,1.26479454812506,78.49110186369543,3
0.4501527714550121,3.023963787642702,0.6361009719239643,1.8098812705237322,84.13903417057602,6
0.31485465592718676,2.403741851992913,1.457337783563937,2.8508385487492474,74.89763095334028,7
0.3458306244455384,4.07811637242202,0.0593583117575159,3.883805611463758,53.49239093456366,2
0.5386521682270735,1.885206972174027,0.3101166232432009,2.3267018508149553,64.31625450818571,9
0.30617217969438143,7.3662798850509255,2.6689681362183064,3.7707685002022973,105.31658002322345,5
0.14558813424442507,7.410934482459357,2.1835847107191855,1.2926960923046247,78.69389272458073,5
0.4518857472364912,4.735595997088689,0.6476582419831917,1.8639438903613108,98.43144760973797,3
0.35993742481792457,6.787968152331104,0.7093572571859768,1.9829189040984658,86.74520898639022,6
0.06190643377169214,0.8438098446541752,1.1439209257579155,2.125859580405439,72.90162485866898,6
0.2328545928203029,7.658910379286247,0.0003615505971459506,2.3016764651286477,73.6168848373734,4
0.19208246644942936,4.413180772588266,0.41411320766552945,2.9339932613024184,69.56103952147785,6
0.5199092769591175,1.985450603259366,0.35022992646859735,1.862793540949131,49.146344609842004,8
0.22019437403991562,1.816015232785421,0.43248931329418117,2.352812626390611,70.21656702961869,4
0.13772023575141254,9.45154721071495,2.45911783484426,2.1857321311110973,84.52809463050636,6
0.47197128618272305,5.961721057734736,0.49207678877448835,1.5367104163478615,62.80432006214556,4
0.1588460545173127,2.9609827878867874,0.31890145900369604,2.1266188505478856,74.94343598874171,9
0.059689475270839516,0.8333383642267554,1.0525659964982528,2.101257947573881,80.21909255071837,5
0.34081565965226834,7.924523371867688,3.010904998661992,2.0833304144157556,59.083834728250295,7
0.3066486182634088,1.2139943644810385,0.41432152594503463,2.2539940652596138,64.58436562787602,2
0.2789555071166885,2.475862399262375,0.1226877492905413,2.2939366808264614,57.7850621142741,4
0.3288097857207582,2.9577426711240813,0.6610278333978418,1.872139563366903,60.13401271972711,4
0.4064901896391387,1.791665571372662,2.065418244775712,3.702787423007888,54.54873659616326,7
0.32345967824352123,2.8538612014894436,1.2000651279032732,1.3940424284024346,59.19461846346368,3
0.1813428850517404,3.3151763268576064,2.5457109526759036,1.6679777368112887,87.03346816957406,4
0.11034442080402913,2.807048352031481,4.81309672019041,6.766510035775744,59.01427565091649,3
0.06261134174457314,4.228278276966917,2.360110899782657,1.4693255088923378,71.51751062872827,3
0.3893738659278771,9.685367399801324,1.3887658735216946,1.294983728381378,63.965574955948526,2
0.22081199239815472,0.8781057517048251,1.0198773692269347,2.985570043623939,84.14639124444327,10
0.17057746068742893,3.7574893571654666,0.06134094308395083,0.9696230012767671,85.7339475592434,3
0.06763603384706811,1.226929325827794,6.233243207848245,2.0256495934596144,80.36883978566736,2
0.20636937130196562,0.7892853902407314,0.7254995047954464,5.250534967746467,73.67361463723306,6
0.35879012288277545,6.437146891570285,0.24771569939183066,1.1996449417516357,67.22728555790923,4
0.316899984774653,4.000959710525565,1.648108294301484,1.0072402907764508,55.697503549705004,6
0.1365637082251592,0.7354393637447036,0.5017167472553654,1.2218028565514467,93.32234657346636,2
0.21708374305025172,2.8517890487081896,1.3220308065990078,3.1878408156920677,60.88392378696936,4
0.1363792431986001,1.5224937146461217,1.3256188160807183,3.4900312418519976,77.9637561643941,9
0.06373493040686784,2.9320093149193283,0.8851545348224846,1.8129665494358467,82.71478687148077,10
0.5785716282335199,5.461402536950833,2.712918567538772,2.924972156813599,63.33663403713605,5
0.16737543318713216,5.075130170641814,0.46175994984471824,3.8810360104836246,82.45615032779155,2
0.485750585203021,2.417984994662334,0.8930308337577824,4.54914164525551,79.17055844006626,3
0.2231288814404552,6.646038674196015,1.1572863322609188,2.016706807108877,90.73556602458117,7
0.37344884728495387,8.380940409038807,1.6342917597182776,0.8863984717778007,64.36784240287946,6
0.38660756941930585,5.5251336441948515,2.298519837083594,1.6026338483500693,54.56963179264342,4
0.29103929254547434,2.0937512623680723,0.7533124964662721,1.8762560378954698,63.934122934665865,2
0.3584957567261279,3.008669985435326,1.5578864776263994,2.00656535406111,72.50624251041198,7
0.3688485254460999,9.482605724292775,0.24485693437720663,2.0644342947253933,70.69855272502068,6
0.43385584819172346,2.56907884560888,4.04673626060876,3.481829378611517,65.27874524470539,7
0.05932432661715326,5.086527719761969,0.7244723547956963,3.7053264690721686,47.08963049227309,7
0.15373830274583952,1.7699402113207057,1.9613435667443027,2.0778434197744065,75.64579595354928,3
0.6909271687966831,6.6781572379622425,0.03082621595304853,3.453519826164706,93.6681337489864,3
0.04927096831835294,1.5930430088343297,0.3444728878784493,2.567838634067988,75.57101485747604,4
0.18591584017139418,3.1126345563661912,1.001460527808257,2.2837124564519162,77.30962622864216,5
0.2715695031402613,4.958983756522405,3.158708679110544,3.1982943844348544,76.86934367386122,2
0.3219105263709601,10.786028790101229,1.1237991976584112,2.290799353439204,74.7645600385888,4
0.48209428949031524,3.946472687918052,3.9861172403965357,5.068903240551044,81.17999160241713,7
0.319706275524256,2.700102985408519,0.9918824695072797,1.2518663694084966,74.74448417422799,5
0.4916099383257625,2.5380393930861533,1.0113382845583567,1.811095010199696,66.24787396416069,6
0.18417297086710416,6.478432191452564,0.1913185088383388,2.1157142053045046,60.44813307989495,4
0.029392249773945323,4.675730834627602,2.434212176047223,2.6532387834714237,67.0123161366319,9
0.43832440071116074,5.3852310625430935,0.42546617888769267,3.695752528049727,73.769553957408,2
0.2201991781916555,9.039989706629527,3.448076213401419,2.2039265679432902,66.20700446652432,6
0.1272898020531447,3.4908940357345206,3.625718706951517,1.2599954882430824,73.77206419757717,4
0.5623099425360223,4.439834337224849,4.305239136127471,3.1174194448717873,75.26980160440502,3
0.13516925682648886,2.510041840966223,1.1016742140565174,3.0101307202033825,79.99815317524218,6
0.18926525270317185,1.7100199440918027,1.6955900299321223,1.023529078180118,85.39353962606776,7
0.27885221243093267,2.01733089157176,2.261106578021521,2.222157001654681,70.93608902174628,8
0.2584988688589334,0.1870179307098313,0.2106434643612405,1.178147474213619,54.30668121822807,9
0.17136241835362837,4.923101501328596,1.3780298807076155,1.7059797190725978,65.85875083816973,5
0.3902904125361203,4.565638878087509,0.0523498181592719,1.550963621753389,70.5287508088792,4
0.1388409287646582,4.848687067736565,1.032436735392448,3.0762332547053157,47.97077492587491,3
0.4659217194194351,1.6099262917344241,0.25234874003418745,2.332013528392464,86.66397424122978,7
0.6157519764816631,2.0476415366050693,0.30303277605594836,1.3307778217845219,71.7085349501256,4
0.3073799210471541,1.9908254894577015,0.6813077866087924,3.1645991135329767,74.57623401496342,8
0.3116610941567272,7.128460433263464,0.8496057244698583,1.2541746043398967,86.3863175503152,8
0.13470126431771032,3.8381968395144184,1.4639513334850602,2.5396988631536224,62.438286038291835,1
0.7239031844967967,3.462274650886068,0.11601570944244466,1.6070428199339766,76.88850317060836,5
0.11910027770778647,5.738621633923182,1.0508371442380406,1.922697536622261,68.68163052277677,4
0.28538578892011157,1.9966152207077619,0.3024861786841298,2.7229294357954408,67.79095759580896,3
0.5143096900418668,4.361542939383465,1.2798864897559317,2.7417043693402348,60.73369134634745,2
0.15648979507517,11.713925298611231,1.521701551068683,3.7991890247714317,89.98723856423833,8
0.26055752603134724,7.899628161850152,1.2202941276925037,2.15350881778091,65.49399951909315,8
0.13981359053542353,4.313675280905692,2.010808971556235,2.5157735861574673,78.39357096274843,3
0.388093991336372,3.562234215497919,0.6133272225114237,1.8680686152008177,47.49991135033676,4
0.4641645770320866,4.81873936702748,2.1729351737320863,2.3935938825672456,84.15986235627744,12
0.12845804774166794,8.640672400710852,0.8504779034514796,2.6532741859263167,82.6265338714847,3
0.0552063959733059,8.234321988150162,0.9930091984909777,2.1397223144645476,71.16920932356764,3
0.017279127080126834,9.617166391338865,1.5666214196183037,1.0816631457122514,67.27669040634491,4
0.1592498686850637,4.000601882414652,0.02779348559297099,2.541077893501671,74.8000000673628,3
0.2667449952728772,0.32956773995419847,1.5919497044494895,2.5749357721292214,97.46548793056347,4
0.5296920335983468,11.174380363576892,1.4458014729603823,1.695420189398882,48.84115961315818,6
0.3071017670062408,1.7066364253071884,0.5562632040165589,1.3314188599292025,79.38432865088953,4
0.2504805636294227,5.673076802412717,0.13454949244016112,4.016262164250288,59.06059237415317,3
0.40355832138751585,0.3390512010448307,0.14300876269354573,2.708996319161762,69.76097924440323,8
0.3696214928596068,3.407351703599364,3.8502898382688446,2.0306736547438846,67.02543857105604,2
0.22078097776764183,2.572836346156409,1.7532913640418208,1.4122537700315037,64.86018090642693,3
0.09074148599417395,9.631634938836322,0.2039059073974856,1.6020339947771243,69.87441845136725,7
0.42629856137072764,4.353924938175764,0.6617701763245802,3.747302166152335,56.38994625666651,3
0.3076570372812912,3.3800694376057194,1.3465089216227826,2.3515266989514796,82.3501652335356,7
0.08686886954251037,4.708636952815184,2.707921051522659,1.785619070300662,48.470277865616794,5
0.31988267906477214,0.09156516136937312,0.06696412760300918,2.728837494972604,76.4771741539401,2
0.17245945458117015,1.957142251675447,0.4050248092423917,1.6067937359321047,66.08156976958514,9
0.5236077465948994,2.224877270267454,3.307493409567855,4.056567659979075,55.94890127431056,4
0.14411306049989406,5.2505536478315,0.01381171841097733,3.823324048324248,72.42860044718434,3
0.4369016405600799,1.38206672668175,0.3373409413198912,1.846644801206133,51.31658695952227,1
0.5620366156958401,3.873088734495321,4.792159566107437,1.7307102981089977,70.47656586063562,2
0.20388080864478686,3.133321735753269,1.4255542327967832,0.7809428716782898,52.92547710626135,6
0.26526006970231497,2.0504867322951004,0.4550493762603967,1.2304349089244115,75.53526501181398,10
0.342996453032718,2.167366440532703,0.10401079957895817,1.3024043939804002,58.907711996435495,6
0.3081745146780117,3.111016874534049,0.042894519317421595,2.3492030345310857,64.58807179564829,6
0.07847640863395763,0.4737306067503058,0.42104991578496,1.9532731780441293,73.52739265531794,2
0.20417842853949858,5.793501274050152,3.1990839894749676,1.2993521642096801,60.72949465789317,4
0.46757480171249854,1.695849858552354,0.8065596822790226,1.988805849546451,69.30443200398037,5
0.22444388214291414,2.7065235193935773,1.911235483964047,2.724091175907894,51.83403398506176,8
0.5642742600782024,9.398665149074384,3.7567771926074043,2.7487210752741897,77.57050724315387,5
0.45836380319932735,5.862972552234464,0.7864754906039546,1.0409480533387152,91.17896566660926,3
0.22873235215695734,1.1569768241633396,0.3184489160576347,2.114238304268323,103.50650641491953,1
0.19416253232713945,0.0634137401524616,1.0919742276106663,1.2797486471204256,71.09401775999727,7
0.11404878475035836,4.854165747126528,3.580315136795017,3.1921398103269754,79.45844968956624,7
0.11886389807223895,2.793476981332665,2.4473290843034223,3.0454801289295568,48.63249192511013,4
0.224300325608497,3.890461866740763,0.1021450151891815,1.5539329580396668,88.03281191566705,4
0.1748455929095408,5.727645239017035,1.7692754519769398,1.6381735284425651,79.31474205668927,4
0.23810184430754963,6.3670084762309775,1.2725890178292756,1.8505690378109823,64.1927986605852,9
0.43794334939116214,2.372317222858706,3.570222930194723,0.903826955434766,84.84616960346811,1
0.3050820962749862,3.071114497043319,0.19598571973166257,2.5456531801119313,66.9462870802559,3
0.4110151238583872,4.455465623922767,1.145470716010207,1.9954352190543159,64.50369780382532,4
0.23841138620236768,4.66857767004045,3.1736939648327023,3.2807433670942423,75.7040191051299,3
0.30555856203807996,3.8621475338273714,0.7915095891097996,1.434241750669707,57.23974600203618,3
0.22431198667381724,8.71342527671236,0.98665533816641,1.737332377983618,82.25949717279937,8
0.22830350418430012,4.631069714369242,0.1095992518385912,1.218218927763998,57.328122256877876,11
0.601389322500987,5.668664159717442,0.488893661808403,1.489266585982255,57.39934252212176,4
0.1861016376343618,4.10764317138025,0.5884679474394556,1.3870888543988917,59.08372253909999,2
0.33223765339141825,1.3724649824194142,4.3539763748205225,3.314774083489424,79.11400045019346,3
0.1535906531023021,1.9517236924588799,0.4983234204992915,1.6831975037122116,62.59869566176351,4
0.5895945688191789,1.109094257802809,0.9266943058502244,2.338875536457497,53.82405058759397,2
0.1360111358496655,6.862484506947541,1.668934884237244,1.9111299011945888,62.731840000770426,7
0.1452923245069306,0.7308443186505662,0.2654340359011246,1.3393894738321246,69.61549155183415,2
0.4696325075583426,2.9730149661786514,0.9995895892409603,2.0806489302050966,55.82833019602737,11
0.34705488787399064,2.480925481386846,2.012205445741417,2.8282024488090567,56.17982669158788,5
0.2243778179558153,2.427807598396497,3.0244771785374924,1.3728601206640811,95.33555600919502,5
0.380680807328598,2.6048589908250204,1.476289454603171,3.076046339209839,59.67321515423336,4
0.25273846971971753,9.817704907440238,1.6586978915565425,1.5842508272756555,66.12349157472391,4
0.19184179202086682,0.4329147372633092,0.20249894291639065,1.8345632266874747,65.59315599040858,4
0.21777087913042306,7.994195153914053,4.371961251578579,2.7518495498864577,64.9437183067547,3
0.5469541833338393,2.7870425922457183,0.21333774408025158,1.7068089859510067,77.45616087962922,5
0.43202781936331336,6.081805197469088,2.2353034795865327,2.2592433215187055,81.37771540566459,9
0.337528941637207,3.543654556223381,0.4614523629708992,1.9623125859021564,66.32854682162089,5
0.2801225539599779,1.22526963646358,4.067932455478751,2.3437382624003527,55.16226056089181,2
0.20469271636460634,8.51074474242919,1.90923177600071,0.8587343650838998,85.29328273418685,6
0.19782889115756616,7.645871491050129,2.1025001479712313,1.0705015467335601,68.85590690563981,7
0.42009875160522375,1.315735056959322,0.37088384666177365,2.84734449110799,90.76386177828603,5
0.0945684310647346,5.1194067148384095,0.8778927194525248,3.369864589027896,43.05296922921805,7
0.06833691093100046,2.0304376689872954,1.4427686557602115,1.5462077475377032,72.34483865539984,7
0.37337115119161546,0.7664857924529163,2.204341909780977,2.0185686257676148,93.0232760065145,8
0.18149745939783,1.6996691496336174,0.16465429147726737,2.503995612803207,65.7608303747421,7
0.468820350820886,8.18022760434279,4.919743828571635,2.936701582030449,67.29407891998437,3
0.4418376196321603,6.184957974684197,3.3139245360688374,0.9889901483145515,73.54614029908406,4
0.27311956524215814,2.629859852568984,0.47278257017414704,1.5614016340131307,63.29445017338051,4
0.4417392325829916,8.20614117821472,2.5953778557848253,1.9483215299841297,66.25513681536721,3
0.45149946593464635,7.254323951922972,1.095725145529522,2.948380624834161,65.94621886970316,7
0.5143025110676812,1.7020854643217873,0.9293056256968955,6.045850648300747,62.470951186883525,7
0.19848042283768558,9.559864145368053,0.5662659883028379,2.031547279305256,84.74627860240672,3
0.05624495924290872,2.460710656005591,1.3047140844459615,1.2677060598687762,75.53293638755721,7
0.013096916111202185,2.745136069168716,1.9633840936738054,2.614066960241183,73.00753878523963,8
0.4422153449338335,0.44739628593478903,0.7938227825136078,3.7749921975183063,79.7028520826814,3
0.2563288233480382,1.9976798325646117,1.4882163115644365,2.3238043492866542,66.8277300015584,4
0.12008037150759632,2.9912189335590793,1.8025277402469828,1.5485834067900286,60.70955417976519,7
0.2906548683413762,4.19253217380789,1.8626252878418212,3.264796968577633,62.76850834462531,1
0.248426499061781,1.2293828556226651,0.08004752385231217,2.902052506179265,70.02139649325531,4
0.27311496256388507,1.772598134888721,2.946469633443677,1.4763423774510789,57.28945949952518,2
0.23103274537339655,9.698995882960329,0.9194351358139543,2.5923641199865526,63.99686780095989,2
0.3977583849607769,6.931153941923296,0.4565631145663732,3.316487453969801,63.806600297542786,5
0.12280995074610727,7.813876341493708,0.4151418981621442,3.5706798685269217,95.49467475794816,6
0.24431246570620357,3.1910220536183385,0.9896095536251956,2.167166187798932,36.714220720793,5
0.16905503117317644,4.284294214263841,3.2683166538764943,1.9285496071776287,67.8445633431324,4
0.3630143517577401,5.200238830218341,0.7130612331476098,3.6360921829213337,90.70832551377725,5
0.15939157930324252,9.605372158097243,2.077796924299466,1.37154219815489,71.46213356958945,7
0.09801246109614241,0.7485164864330125,0.15274800724944587,2.6523120103594935,79.04100968105311,4
0.32587444392919906,2.1730103207264415,0.9695577160922882,1.2865823338931945,71.19791578119721,2
0.3065108052415546,4.002492296064858,7.18474698689815,3.408084860041019,61.991999425402234,9
0.07671218365016581,3.5606506635350286,2.2073719116007577,2.007282452823729,43.097008785893046,4
0.4728620841435419,1.7528058351939868,0.3545872951391906,3.696673252523825,72.46546824443564,3
0.31570110112731165,4.886048285667804,1.0440514374795238,2.708960826624171,60.69272074477131,4
0.20630964194203893,2.246368152845247,0.3991250467462911,1.36439609292732,60.39597512601635,4
0.03867293865424374,3.366566585735222,0.7903332416621328,3.934764737166763,64.01215292825066,6
0.4168670056078366,4.732069372657625,2.2717645974752,4.139181680444104,90.93833687948192,4
0.30526408172006453,2.3361273556274194,2.212523225693422,3.16741119666539,98.85805050704768,6
0.360409463644948,5.831763864541674,0.38835114090108996,1.641096890581346,72.60649525034081,9
0.31965237212640535,6.583836547592327,3.830870417905068,1.969135114659131,64.42279331305927,3
0.06039203154803857,1.8122558693733237,1.3468225199535053,2.3588421564212196,55.87328299058547,3
0.21767561927151582,2.2329720344063277,0.7168705455695918,1.679533103602463,75.62248193855282,8
0.4233910425225104,1.409156035215442,1.0455387816922599,4.3795178086785524,91.39486720078173,6
0.08575359616064847,3.3094078427604816,1.3935748782044288,2.3578037909081337,67.03191535569812,1
0.24114210026316804,4.190439853924949,1.2310976876304973,0.7547722590772834,41.45204751096131,7
0.10682136950093098,2.5240882574130317,0.999480496570979,2.5491050202203778,78.04059606178629,5
0.39399743206671656,4.104915789790555,1.054592664468312,1.9362188818549113,81.8247965374006,7
0.25572263337086576,2.1838395616748567,0.2911271480339291,2.1598297033636764,50.96985231536983,5
0.3840811292272226,2.2436941414048412,2.5128290429683195,1.9204360193814514,72.11781020395543,2
0.36614580595245383,4.350309746523512,1.1705443692681856,3.07350488464904,75.41471219363319,6
0.5816434885743039,2.3691798455479556,0.21075608795360035,3.4829342417113316,69.12271237589273,7
0.5621775612709532,3.172992326209065,2.1796586450736752,2.492338097567123,60.510748970975754,5
0.08844444030069644,4.463277053583281,4.0421971130347645,1.9430822970209716,82.19124668276268,6
0.3446235300029249,4.061174976200198,4.414906120976028,2.1890444361344565,65.1594430483758,5
0.6095654722173226,2.2099152320062108,0.6907162783705845,2.2430574015560354,52.17776604760081,6
0.3141309765261968,7.045070590544653,0.21843523850726418,1.614504315302512,45.40630617196383,3
0.6479463612947148,5.036301507726621,1.095960914586386,2.8054710564219025,85.13019423999171,4
0.22650191954925245,4.002862811295813,0.17920476079503123,2.6751807002028873,77.39996771765342,5
0.4532267059451018,1.2364487149760326,4.076864889789488,4.12133234548657,71.05568256555003,8
0.5996218506997747,3.626957156659123,0.3042388411706027,3.6771570472745347,64.71670435779036,10
0.13623186235398355,1.963611316586775,0.4370650537016592,1.691693389635683,63.652019029562474,5
0.2361379497655822,4.778653421306695,0.7829221924040671,3.089840124118363,57.091160218700665,3
0.6046614565204123,0.06059567261389477,0.7247292784421824,1.5213812613071989,64.82253226528138,7
0.2920487185984638,2.7143050932297768,2.37465333465982,2.9398919835200314,44.558953418557905,2
0.4004222737895427,2.1281596627070347,0.9140828887503352,1.8100497308281625,61.16723615837783,6
0.45077109441955576,5.846867308894517,0.28088343194840787,1.478013136705292,66.26874980378687,6
0.18480186641013244,0.4684805874768835,0.46634395406832896,2.4893412993810133,77.31856056628503,6
0.41019293380539773,3.452176871479955,1.0673131573763086,0.7635116839770795,69.52088243951964,5
0.34973434990572005,4.992765031268039,0.23929202322046084,1.104739731627581,79.5390773665067,0
0.17561919698936396,10.792492798450454,1.418794348490243,2.0730132942675916,86.18962126136115,6
0.2052622268743936,2.237735454223054,1.2511930070245412,2.3001554478061275,82.69804112588922,4
0.6085560017364289,4.243223940811744,1.881333209859383,1.919898829987861,75.64611816854269,6
0.14165877053537307,0.5082755758933771,4.163801908603408,1.183203369874953,70.14235215016942,3
0.43593946275941003,3.3189973182473778,3.649973094521748,1.604549871165046,58.230543899037286,6
0.3082365330185971,7.39608521465132,4.380258822615964,2.602529172595697,78.87932861655179,3
0.45500639880107346,10.861412524930799,0.420991361970224,2.8086746246491137,90.15696858665835,5
0.42754908476185066,4.538685806597394,0.21159433631560412,2.211145601545798,74.10527247580502,2
0.2781861683282088,0.7000281111015316,0.5398990107958811,3.5350714539113763,93.00710978111348,4
0.18524055235766118,8.201385357304106,3.381909640805057,2.6089786147123735,51.69313950326699,7
0.5553171992560851,0.7072110754834853,5.36619360419576,1.650400091831246,56.1500393826455,6
0.5031820579410835,1.1212546353464763,2.9419539987648635,1.9893325463572071,80.26241809297915,7
0.32184672035858475,8.669791562589774,0.1748305917501722,1.2697925454865688,73.17148252183901,6
0.2940375021670958,3.1353951933175734,4.418357375185003,2.1313261760592423,85.7653861188617,2
0.12544938510343304,2.03044219367191,0.8258005546063388,3.472380034288745,69.81434031127912,0
0.44440125056011115,5.482354239567383,0.01403085363292244,2.927404030495917,59.58429492966002,4
0.5757688148776431,3.7757902295843744,0.8761532913822615,3.899326049443665,67.43688109353948,5
0.12381086556612016,6.95211527202567,0.070746172595051,1.9716009988745578,51.60779234891519,2
0.14174247492062758,3.9074009035249344,1.177492182818326,3.8130901286803227,56.45691192283559,3
0.18727519902269188,3.9743166803874304,0.6199904593390878,2.0599429936245874,81.66932797501612,6
0.19126728643193613,6.785296076320795,0.9620705581898403,4.009369644304883,80.47344897363531,9
0.2750086185191396,3.102111808142643,1.4246563372667516,2.2061685011381913,74.35605141767292,6
0.2594732652222252,1.5263994245657608,3.0465611321655004,2.9532095132141127,49.34706974847437,4
0.11601733753096193,5.704106741291954,1.6266273480266862,4.01503050739165,65.69915709384534,2
0.5878548997680135,2.635339523216392,0.853871316860894,2.0598413155901625,55.30000133607939,6
0.14184427607987107,4.142252778684498,2.567437317617658,2.428698689089203,84.11839904545319,7
0.2670940915387838,0.37970654448399727,3.54003750466057,3.7267829070277236,62.99533439724878,2
0.16934940183695033,3.0036658033520642,0.19134096492847574,2.1102337733926793,56.97102747062141,6
0.5051295998717548,2.155685248061083,1.1387156744412472,1.312118605536718,70.35755398145709,8
0.2152263011559128,0.3639913957535582,0.5021855930233112,5.2446201707788,62.31814651798466,4
0.30267928438841163,3.0786065543520467,0.07230689013037128,1.8442896951104712,87.80492692244448,6
0.6043368946581595,3.160515133513587,1.6564025090254282,2.371451987190751,61.18226922958971,6
0.22644282471136645,4.36418443963292,2.979153891135436,3.53390208793872,53.209260889304424,1
0.33001023491704745,7.312368988895345,0.2667223685413908,1.74473457576701,44.16503781090981,7
0.15526763571837746,6.5300260507647625,2.5102740703400297,1.4871370589917412,69.63056197103901,6
0.2640383541633144,2.2858490209944695,2.880027580805532,2.463282767575172,63.25683863370489,5
0.3870555710169233,3.8361333836791878,3.6860617117851886,1.086291325252889,52.85314472185928,3
0.12195815794277094,4.826558542315648,0.4624090969804906,1.9834496361639535,84.27071753506942,7
0.23073436812794024,2.3411517533558723,3.5143774540756016,2.454726784701712,78.0069417691509,4
0.3374328449762504,0.7822585518685492,0.5799563931000059,1.9977453931888158,69.66138545275324,2
0.07241046297913231,2.823523561407086,1.2055752384923395,1.2003577324293722,86.3719149300504,7
0.37822073548513974,7.520179732082723,0.0777414254038151,4.210878023000583,77.95043240078336,5
0.3194343997975769,0.74066769971802,0.06730948367149389,2.3196475628638926,60.12572918177881,8
0.19725972017809695,1.3825525294846654,1.9114492012991042,3.9450469174020473,57.52935803211081,7
0.28717210051402103,1.6772142185826744,0.8817759409615409,2.0056847024198863,79.81577853344633,5
0.6008221918617068,1.397733119264008,0.44416094854769067,1.5651711942766489,74.75640347760822,4
0.09712260572285623,5.499421332928569,0.31684747586868695,2.478546669661409,72.03697321564795,3
0.2750073539162113,1.956888028108714,1.6627825464930286,2.041500648566726,59.84202636557311,9
0.5045933992123101,5.602907579151517,0.0006024369985947744,1.3894325366927174,77.29537080406905,4
0.15951835961325392,3.449184066162594,2.4590044405348075,4.006482616952065,60.93401340239261,8
0.21444346597451258,0.5523486855255021,0.12384944382920635,1.7351466092585763,68.77616014487586,4
0.46315732764973994,2.3842578079802226,0.3188426327393307,1.0659788084910766,87.36332975664376,2
0.27810240669822206,6.663612056499923,0.7322181504004281,3.785834815864524,62.06998917027825,2
0.185040538482732,3.7483580374169434,0.9949711861741979,1.8189888934726857,51.12412891512567,5
0.11455555890742458,2.53768278539534,0.657746084750324,1.7452022350553937,57.36943369755868,8
0.4228950555098883,7.581078492341216,0.5800654965942678,1.0983894441152011,81.93158592025148,5
0.6440679634524121,1.2545706129745864,4.982859089660169,4.465479478828473,73.05677364856251,6
0.3083255266751108,2.0199910712641147,1.5390733597936008,1.3287089614486987,68.45347145573496,3
0.4105774245043222,6.241042212812957,0.035567809386525026,2.278186637937323,63.89087433626116,5
0.19605420588440753,5.420256358156779,0.8436413656344339,3.206077184830283,75.82431889063828,8
0.13887477350878247,1.153742640363564,3.1192667130804717,2.634482513653949,59.81074178811732,4
0.09852676123919558,4.709963120628,0.538136065498661,2.17306426509763,73.66798682371115,5
0.36726113123900367,1.9288781433423718,0.14899534295319766,1.1267458018459542,61.22494517424452,1
0.5073793345737749,0.3399972146200207,2.1306131751137913,1.609800189981508,59.22808737669935,5
0.2364619685412546,2.5792449443879377,1.3971592151058045,2.3991635006826573,62.35015078209986,6
0.4056361401586,11.318988464994968,1.2670456453523333,1.6243867696004677,65.49511064219246,3
0.26490977098893786,6.742528701077242,0.08259779800455272,2.4141416125900905,69.41404196879556,6
0.3808117943964557,3.2125125950928446,0.2271049531342907,2.9232539536625355,72.82546954133338,5
0.22533174704489528,0.6897744824084199,1.461473354625673,3.270690596887476,25.739616502858667,5
0.04515369517060627,0.35555035167678145,0.3494572342491693,1.3627820793935674,60.30819330703882,6
0.16436603283956178,3.4574708408003825,1.0519809780823912,5.35836248561808,65.30116027172753,6
0.19143069972773935,4.489721239723868,1.1807967946930216,3.025243965012324,88.06074446329995,7
0.2616461141449531,5.544407869425731,0.5000806005513636,2.224015483862242,57.039968699414416,6
0.35639372193893865,5.105503712713288,4.4470818537908166,3.441180679318462,71.95355941719895,5
0.08073936672491931,5.416180121381657,2.7721529303590193,5.73256519638025,87.94036371683005,6
0.10845747547886783,4.099732994118943,1.9222179319553323,1.2517116812010531,54.24437764063273,6
0.24552664654232526,7.470866130507319,0.12180510444494846,2.0337775848582855,74.72770271037282,5
0.5453972463065507,2.1520193386923467,0.16829242478113204,0.859527324119728,60.37273799278576,10
0.3355411391283527,3.4177099777918736,1.018219646817026,2.4038235441888682,63.944395092529184,4
0.1119325748862739,0.5550683617998473,0.26280445975224637,2.5757936411139646,60.36266999256023,8
0.07861861954219995,2.1128923394597163,5.7432791117649264,2.1909498117969886,61.21771229900937,6
0.22324955997792298,6.616696178497646,0.2588899662455934,1.7128978264663821,102.66294577487791,4
0.2393448930531098,5.294998763359073,1.0025877148029148,0.9803890400253953,80.13347046485998,5
0.4691650839986767,0.1941623973705218,0.6791206120573724,2.58419351640209,83.2208543414345,4
0.10930101287827769,11.87456687078292,1.52992247024677,3.9835516413446075,75.90392184203796,6
0.350841738423868,3.755717919030177,0.20723265638115865,1.7569733087401695,50.7249185391765,2
0.11473327681688954,3.809262557253524,0.8440113138233476,2.6538833213106563,74.73949564387968,2
0.5209560844968074,1.9979993066630901,0.48176528335277935,1.1885597436098303,82.87515537408817,9
0.46291911654104495,2.394487293676626,3.2805605029099425,2.672154899802276,59.75920631153066,1
0.4458084306295856,3.724238298304345,0.06214844628634007,1.9015076678445582,81.58392000593352,3
0.45074564735850964,5.084458323587733,3.6753664770806957,1.6405520806971479,78.45203451824895,4
0.207768701685737,4.2428648939037155,2.6845895530444377,1.6419007153393759,92.22448053776404,3
0.5530846398930729,2.138364992215242,0.5298158202208274,1.901333281508522,64.98660384983657,2
0.2414057853315312,1.5066938838282458,2.335913408195449,2.59340925882893,56.828668212691284,6
0.3521991446239846,1.4121341307695547,0.04756662583172348,1.3167080491981897,65.66046268752945,2
0.5623335554103934,6.971997234217459,5.110772641795478,1.8986704296972792,87.22685191796347,7
0.066028107172517,6.408251839278488,1.121705848191795,2.1889266046287683,48.059129429896444,10
0.47801036279397796,4.756500622996932,0.5420597149608112,1.4338803635169173,45.17949141482761,1
0.3619557421910526,6.937737724711605,0.6754973100443371,4.566130281538557,71.07274334717935,2
0.4016190764260652,3.0204675720650678,0.10306939835762705,1.5818606930465327,64.68892848671013,4
0.14476908879022118,6.032963692177959,6.813224637018357,1.7027170408807917,70.09273471810822,4
0.14853618339714061,4.9340883808133,0.060127063870733716,1.5048253125534858,81.34374125483038,8
0.2673122822770018,6.145966754243929,1.5959125348706182,4.56944628641497,63.369167846573774,6
0.2665058948831771,1.2792793451608433,0.8770740808929189,2.776419343125411,47.52393002883255,2
0.2016844401116823,4.056805641972448,4.461432320298698,1.5301460639819207,94.53377868639933,6
0.5191348577625704,2.5070295321440836,0.42354384983031634,3.464237752329635,58.03326055073469,8
0.012576968831467977,0.25992552989430506,1.1392087822661254,2.411573593323383,57.29155453585483,8
0.23005953211192406,7.738988784797627,0.98770190194026,2.4667496884234996,83.24464016467115,2
0.08916247674529965,6.420559703911163,1.8203603368855419,1.9390712406311506,65.38613054750178,5
0.5437183231209585,4.322292744111492,0.10565016426979724,1.649106465580705,69.23932177558227,4
0.3380641675028336,1.5940176461584756,0.3231149181183557,2.5474845966058997,75.79348148872381,3
0.22099377678765253,0.525191708954314,0.36227601824573274,1.7895516399489875,83.00299723731995,8
0.1223216696690602,0.2542553788166913,2.0099795114795436,4.602972322220911,65.99847168181874,3
0.32715774615691906,2.09949248443974,0.31448738758603983,1.339482784722987,88.2394240709716,7
0.09997482682028871,5.472197381156118,1.2781854019695056,4.114275309498194,44.37040181518233,2
0.33759203987394115,2.5289824721740484,0.36357331321496067,2.128616973217708,79.11744684343692,1
0.5828544730774738,4.798637476004082,2.966681290835017,2.5083728941796806,59.92566930378811,5
0.5490326088038333,4.970993595792339,4.275772323801851,3.105774456449284,86.4672557992959,4
0.1444002153105774,5.416215264771286,1.0962516868604446,1.7296174934279012,71.70453374596654,4
0.5397886850088234,0.41649819562538626,0.6515120541554131,3.1446398040497194,61.925136015887176,4
0.04910391423801593,1.7286413653427755,0.3999728045863963,0.7535065696166475,77.95409311625959,3
0.2269298672078842,4.735062472758591,0.0765941943625557,1.668632096205769,80.71826016648703,0
0.1507116244682386,8.883628922888986,0.46898724403208136,1.537833914165727,77.70272947430365,2
0.039774266807851434,7.270126966263785,1.59299727171331,1.3479670856943138,57.64364512440328,3
0.41995867755191874,4.159227049121571,1.1441219200886128,2.0421804085119613,64.19179451653498,4
0.4703209324057288,7.794569377264848,4.324711458310721,2.596852116986266,69.95112595454277,2
0.45932256242566094,4.135782785353923,0.7569603454509615,2.9478143557596477,69.50488416819927,6
0.2928697416440325,0.7178466857329389,1.7755855245374763,2.4506436464249233,78.99694570526017,5
0.3253208111970423,5.351602379491158,1.008026232115804,1.7052685642879337,45.8211852099207,1
0.608299740483025,7.440467371205814,1.07793201168603,2.579528357702108,74.01192465464204,8
0.227995917813659,10.751376765050273,0.4674997487359145,2.338978458700474,66.52022374676032,6
0.3285833899501695,2.0488209088846028,0.910318756014287,3.236273349921825,59.93799260339257,1
0.188908839828141,1.1502794809512438,0.9545407452406127,3.036709965496095,61.0901586667648,9
0.4759491652842039,6.045232155960616,1.839545027018874,2.252837573833378,67.42554802578444,3
0.46195246754850827,4.5322661580959185,4.236201999617988,1.5544142670550003,26.786978746485772,9
0.33552196724204514,4.239364087825516,0.5991975910071938,1.7139830614642653,61.584525150501406,4
0.2913305263540643,7.868333753949455,0.06467517045061708,1.786188921802498,59.49022210424448,3
0.3010360813901332,6.028826196235858,1.0286471233369412,1.9618609095100688,76.3933985118715,7
0.32719066890772697,4.844605201759746,1.1794120123266505,2.4774261315001698,60.33367980987376,5
0.06764099286707154,2.2787556066205816,0.27667873045816993,2.9626073913567317,67.41863439795412,6
0.33280396452018307,5.693215676659,2.143581136982233,2.1804963247554436,88.50731953193562,3
0.5689403837780265,1.1025481109021948,6.292485160417728,2.239941871171104,81.93221823778508,7
0.16873682327409087,4.1270694283139635,4.371912005165884,2.3568418460007208,80.82725679932143,5
0.32347850774297826,3.24650381695919,0.32929894062714493,1.8105630508976585,64.00153083506977,8
0.25951423642259236,0.6784737696881119,3.1235275368998323,1.537016342064711,76.51638735147583,7
0.21073410761815942,4.541839495142948,1.8285973610730302,1.102769608252362,67.19322639455687,3
0.44543893158488235,2.0527348424527005,0.907282986070383,1.6852943833585026,67.64688147187674,5
0.19252517781702655,4.462091919743352,1.166786881402492,2.689238804614069,74.91622412495859,9
0.42157302297519683,1.4218138368778106,2.841687046371404,1.680069942155813,62.836076938948814,5
0.3147556062634345,6.070699511209123,0.9812790005804976,2.0235981415144315,87.91603725331845,6
0.08917514806890406,9.810822458183482,0.7007092879173951,2.6820260962697495,68.07843832482476,4
0.18139749745536857,1.1029600507941484,1.019598819751372,2.7408711246317194,77.42032679511598,6
0.28885207597984763,1.420044991766854,1.2981462239471013,1.4451120461313143,87.46720575108758,6
0.19122046404901058,0.9187320386745298,0.314374470153883,3.316213906501659,82.3798452949021,5
0.25463202598101103,2.810600047261856,3.4675557681015574,3.4936255472284987,53.09297076771371,6
0.26260915795931455,4.412053158337793,1.682147287163343,1.4163173071138044,75.33875074011861,4
0.1868577020761625,5.452848962713692,1.5046896664575604,1.6007387671392792,80.20863273352776,4
0.1235656832485277,4.067263635327725,0.15720138535576206,3.583845096222159,80.70235626592898,7
0.3590902667010948,5.336434141172364,1.3901706030456227,2.098575101845673,56.64046199062443,7
0.0072479127321231195,3.1570056128299226,0.19338844416165968,0.9158422191501995,62.11557715579211,5
0.22541229173963975,2.031890064248724,0.12295055921186959,1.2714111153733878,81.93469882889946,3
0.3682584032090778,1.4542041616804346,1.1239760868790307,2.014260539098896,60.858875551808254,3
0.47005375734757493,2.8947313863393105,0.7732184859712059,1.3976369810529712,66.40364732002823,3
0.23340795938545686,1.4883082312177818,1.3330508118209141,1.8863250000085925,88.91050971402363,2
0.604550623924786,4.316067742021119,0.14018442629129632,2.2545682370697886,69.42640899538252,6
0.11161825582150756,1.5110188879810622,0.8457676181606868,3.9944337983976137,61.278710345993886,3
0.2918006363881575,2.225998477840394,0.2881700982628026,1.9814292614363394,59.46859171764514,3
0.24367885033200437,6.947857491249798,6.525801942631388,3.4178671624752104,73.99263195502226,11
0.09117290073823889,7.403183356459701,1.235397141024797,3.941274171514338,54.0022238982735,4
0.34238261216894417,7.246794415553786,1.7444231778371941,3.9500327410055025,67.03196843324298,10
0.2613583638874165,3.1980837886230384,0.5904936829093688,2.494034891544446,73.99876641988025,8
0.10545421749979744,2.103494331782105,0.1492978273972318,1.0147926854711786,85.58979784657201,3
0.33941958951777684,4.80090449942025,5.586502733433151,2.6760182072864698,78.01057696443995,7
0.06674404650508572,1.5407031193280218,0.5058527656841592,3.3850204751185125,61.43121858421385,5
0.39484478584956023,5.641334131021543,0.8269719928064276,2.154531196851712,84.14103181076464,3
0.17015973446901886,1.9432295701277111,1.5741501073866329,4.471990216067596,66.40581954943028,5
0.6912093386389426,2.7995564997131224,0.037511088384835065,3.1390914929099294,55.17156373540709,6
0.17016504307163668,5.728996224137977,2.493143973798475,2.7935392795233494,67.93550368881434,5
0.25965807209419905,0.49568833871674334,1.1536764044740067,3.4368394498444625,87.25803041374843,5
0.34085924943352575,2.0160502044559374,0.489046497686045,2.5430087837008593,71.9828806007791,2
0.1936145912070428,4.383498891961229,0.09538123673292079,0.8210886479680212,70.15026237195744,6
0.442118957174682,5.081088108268503,0.2659981849708337,1.8227464815626524,89.64653973643425,5
0.2918146343826823,4.509707132384259,3.3811761691478197,3.592567798041432,52.82374183534687,4
0.0431616328618451,2.7716020140316515,1.7376591635136878,1.611174577041168,54.572810631366735,7
0.08526285170391149,6.132990131099629,0.4313265648285084,2.0352344027855866,50.60984234839802,5
0.47376583548934953,1.4092863454301123,0.10177722833530743,1.465308022212594,74.47177823776066,6
0.2739533039710695,1.3526907093545504,1.7597547489775476,4.542915734053049,71.9979175253815,6
0.23739520744884943,4.352432754251205,1.2743777523108197,4.3605447096666925,88.51283640735731,6
0.2670788820929144,1.2633228855819545,0.7775800160819692,1.5627583640384168,72.92170092564125,3
0.10348797073465829,10.033418495826226,0.6779189598550373,2.360607969736152,65.15011408624837,5
0.22795113216234186,2.0663713045060734,0.3665781234373498,1.695202802036417,70.02153847453728,4
0.2627333305254055,6.054411315070668,1.6612279610087541,2.8461803167311666,71.4124890215315,8
0.6891140409001312,1.060296987397509,5.293615734468625,2.728830777693785,49.938864720062,3
0.2505649400674639,8.664139094710176,0.2898588499940396,3.0792381997387728,102.52397973201872,2
0.24464969297662237,3.3700002087154153,1.3636622079073675,2.5415328393868992,76.23845221722294,1
0.27673841493821466,2.018370914161054,0.8279534208654453,7.200586510927569,72.52009969627107,7
0.27220512050485735,2.6189859219490526,0.8877518185030913,1.47525446564835,77.38196781134296,3
0.22994845690931615,1.748714055767425,0.43984068707150037,1.1227248790188942,78.51293176703926,2
0.42570532098434083,2.793423426732817,2.6156104804196025,1.9017298507310547,68.31335817397083,4
0.22271118741639412,1.1243765558205685,0.9961272303867275,1.1886339348069677,62.425106365111596,6
0.4773689304451496,2.074351788369885,1.1759405428085326,1.2250909571777706,77.19340823586045,2
0.23101298651698982,5.974616116931346,0.5452492233176747,1.491040410432084,74.62853008637742,7
0.43144353619464987,3.903961935130429,0.3009882303550674,1.53898704624628,60.281318810927104,4
0.3868797602101906,1.3827259120235316,0.1347400031882536,1.5191527212628644,87.02842733640716,10
0.20867813507832514,2.8704900294998414,1.878270197422487,2.738163883272432,73.5202244358758,8
0.09002499819996725,7.460401099107734,0.3276711711016964,1.817613497586196,78.75783234721158,6
0.6038569167009646,2.28178847565767,1.757139133619366,2.071336746372045,86.70305065215902,7
0.22652332523012098,1.2503177271007395,0.7423704554725857,3.1825829317824246,70.26266585397802,3
0.3042970610133372,4.950465802603955,0.8062031336106298,1.6379918176478687,73.80342408380939,4
0.1646258613749869,0.28259878250841686,0.9499913718221058,2.0020699903928265,79.72032686207339,8
0.1823972362349482,2.6668443204794348,0.6876071547719396,2.5761705012808256,61.30166699439937,5
0.4766491048877699,7.90251709524591,0.15907442492102625,1.0236481660666024,70.64861995415201,4
0.5264086385938195,2.8062403820854427,0.555795322526694,0.8573044234369621,71.50658303981379,4
0.36092031234155697,6.387073400283867,1.6347807573004407,2.556008677644445,58.527297379799265,5
0.2509553296201303,1.2338736314340768,1.643953484504535,2.709612707255371,97.81164146408653,5
0.38353167265354643,2.720308895841947,0.5057797826972016,5.081914465796299,53.11247867809117,4
0.19591171866205373,2.5191881731263863,0.924564309999532,2.37082489214418,54.42275315575411,3
0.2976150813463317,4.762882757652825,0.3224789253275158,3.089149736623485,85.77071890844294,6
0.13237350274514814,3.511577578838244,0.35429015062444813,2.058157041997904,78.55919500955851,8
0.12631168044090502,8.614579829052301,0.03497523755550383,2.5065088502480903,57.68842219023067,5
0.35476652265808534,2.177688992966393,3.4058529491432443,4.335785254348809,77.28746818122032,5
0.3219807096428471,3.4796639287752757,0.35492586988408636,0.9516127261203061,87.61420533996773,3
0.31080926061425895,2.596039627131175,0.38725068721690525,2.625959893797095,69.63684330883618,5
0.22661352635262422,3.290629286560074,0.4919259815435948,5.229076536517804,101.185874800895,5
0.3116613226660596,3.067507561670222,0.20443090275310888,2.4913224843191744,49.311258269583575,10
0.17217359051439798,1.5270745472394598,1.5294086912704543,4.306946504037792,78.32588144630922,4
0.04146697521282487,5.749593864400419,0.1171741460829478,1.730335188271111,83.99834003465203,4
0.2761974130074415,1.8903786258031507,0.21615621958188092,2.197193803571172,80.69612681926296,9
0.09425356031693806,1.7763837653977521,1.5524286704863925,2.255586168713459,67.54773128025222,5
0.4118445340829866,0.7239632623026689,0.6225020470969291,0.9166437000966567,66.51470221586621,4
0.5157009792685964,2.1257536496380003,1.8462342254903912,1.3947690818676561,75.32974205304708,2
0.6342283268293692,1.8691566825000205,1.222717140678174,1.4351221510135828,79.78905383982483,4
0.27170217319000567,0.3666285039632898,0.4436140544550087,3.092025665214904,77.22968123538836,4
0.16115555595365105,2.7839789626449907,1.5782857495696536,3.1545985400589824,82.48069468952067,5
0.3019616530585536,8.359807877879506,0.18541178605473346,2.533532507924006,57.77356051519918,2
0.24747616586330073,0.8754414687453181,1.153133346603667,3.0945458501381817,67.26674825051639,8
0.2773672197869529,3.2449174697773655,0.8621081242095125,2.084106518088135,58.71980881451495,3
0.47222499596045936,2.7317348058281987,0.46770311829430267,3.5994198072318193,65.3666466869663,5
0.21903951367592533,5.2271228545117046,1.3895305325423843,2.233378311609888,82.18265070177166,4
0.25130404126245265,5.4994653737981505,3.0757983167922287,2.2776532098877156,71.29580704870274,5
0.13449891422559365,12.567317071080074,10.225090146488352,2.001231911515952,101.28230995779724,7
0.2575375190463321,4.009944973345533,1.4038326606950096,2.926421047915366,72.3208764062766,6
0.5758311543371692,1.6613281805755524,0.778049500077345,1.8804676075881748,70.71630256695684,7
0.17478898807467755,2.075892079474113,0.382739267138196,3.288963767497794,71.2741950332826,3
0.4404393990716352,2.2584864367650135,0.4457828532991661,1.415015299937747,62.34629568568077,8
0.23996872315505716,1.935888598078198,0.9793183460355921,1.4339508948462603,69.30596065146888,3
0.4457504855829945,9.747193406211945,0.6865854895536803,2.9299070590074607,83.53345632533976,6
0.41814573239418396,5.31717506894322,3.67688038715037,2.1480969575815356,71.36764801753327,6
0.12477872464880943,4.733483214836684,0.6890002593999077,1.8560367476321025,60.478483241398344,6
0.4135696874278296,1.2838294651283486,0.7012770999750628,3.177272400359135,58.89898455425638,3
0.0855221607194543,5.461084778929392,0.725629408775944,1.7455949347455353,64.59757730000987,1
0.10238495285184403,7.081417407888706,2.717516685999917,2.0542678318932284,70.88636121293057,6
0.22850508874050057,2.7710735918179585,1.5781155151805537,3.8949902652610704,84.32303842571514,5
0.5466614162505907,2.055541742761364,1.4285331619195154,4.1191916321604385,53.91413630360276,2
0.35108503224370974,8.756803463544452,0.6100205697413825,4.174352615434795,66.16208466533493,4
0.13941057604626686,1.8338022015113986,2.5548333443064886,1.9880409154332404,71.73172023322094,10
0.05369951548994858,1.6713190603399364,0.05867870118380237,3.641082989532369,47.99553078844678,3
0.3806987361056626,1.4328231048034565,3.0695577029178183,1.5225991915035029,59.996820604403126,11
0.2794224044294483,3.124292772476104,1.0784666024071643,1.5484258745837833,61.84133752316576,2
0.3066911814390244,4.0012134381443705,0.7618703889295146,0.8691997301570045,60.44835551379402,3
0.34303308364673246,6.442315138956468,1.031246595350825,4.345528045356662,72.30267454025977,3
0.47611454437072087,4.887251949454855,1.6512921114638113,1.5752406596293511,68.07328468597844,2
0.2554704259647891,4.831679588625926,0.019271407025433614,2.1157026257842926,63.33656676878756,3
0.5012006017832084,7.816964743727167,3.0783450124503435,1.5463081687061075,75.13555151863162,6
0.15400666296079904,1.3707946622655316,0.887889550828072,2.938990336276104,90.676896611755,6
0.06323234040516468,0.8210485065169253,0.6300304536529486,1.915055369349516,89.67107820090102,7
0.44834545888275384,5.0573550433221195,0.22317739174496043,1.3205829182135074,46.926738735251966,3
0.10997586339778063,3.0120493746019052,0.8682963930490074,2.6555851494258946,76.92486620602168,5
0.29980310270744265,6.458204625196296,1.0287294529226798,1.254212631047996,67.86372051923394,2
0.5363077304756033,3.2342969465155957,0.7753829896139921,1.5920742246732213,71.86186411438428,5
0.06705426999363957,1.9963872547773276,1.7028837275300268,0.958145488290383,65.22060359748941,4
0.3373425781481131,5.109237857122843,0.8194111658536923,1.259124647243903,71.41106355864643,1
0.06163751556213369,3.5476282462415676,4.882437736285008,2.390282758373108,71.81688875286423,3
0.2669105924136806,3.2364479522251206,1.3717292334909963,1.0142866776211437,63.05257891181292,3
0.014681933127792124,14.084677596585314,2.471316767748876,1.230649046327541,59.24358942609783,8
0.09291290127017376,7.4213437368335295,0.17371556044846548,2.2234330793898414,64.61565180856618,10
0.16208459011388984,5.569652791976283,0.7594819077765407,1.7906116073243283,72.81111117348118,4
0.05558771864927384,3.630410398157739,0.6161259059021474,4.937280405406,77.18795610021117,5
0.3628731421368042,3.4014525392498207,1.2641505685490007,4.634640427829698,80.24018772808176,6
0.32618555306964203,2.60936274526496,2.961147555922036,1.5727583913223349,64.06971972319705,3
0.5516768599767244,3.907206785250059,0.12236542990320277,2.7811236796868286,73.40613480763284,11
0.10991865606237472,2.2244784823489567,0.11301469881698091,3.0033040203413135,81.55003110343958,5
0.21718481039517945,1.1094278507415964,2.84886042827911,1.7524388683697505,83.98713874172954,5
0.07822097883115157,3.2061948949461416,0.3590048412377122,1.223582933476054,69.29400575042173,3
0.1767688055025618,4.142402916851481,1.6573375897261844,2.214619532846859,67.34881930072466,7
0.5954379734962467,6.468524488372859,1.1742078822644977,2.076869537717175,72.2934908060367,2
0.39717268660938093,1.6798971382039096,2.683686769649133,1.869543346312087,56.203510325231136,5
0.10556720645550324,3.421915150735823,0.2004495135433479,2.6562802643565453,67.67668586757391,4
0.031185910555505736,4.860553141719687,0.20851895063699238,1.6482401734701717,78.93503678167757,6
0.027957961979081916,4.784371317430197,1.2206633565418488,1.4038254590621657,77.70336555332442,4
0.36797659433535934,9.428590708072242,4.388712047924692,2.324798080427501,66.75678874763334,5
0.159129571300425,2.650079392590355,0.8042093998691362,2.597080779245287,72.612618413046,3
0.7380869638355531,1.5565207474474516,0.5938858810904599,1.390053203681543,60.10419591651175,5
0.24369917696780016,3.592318158866786,1.3997331798001724,3.225978271974131,78.4419057787003,6
0.17097774059130702,2.7605504947895825,3.9985338588725257,1.0961538413707197,69.06614276636232,3
0.08072398199878913,2.389265478139307,2.720343649309119,1.7660662515529504,66.68858257964635,7
0.4477791997522805,2.1344664179066375,8.100063658739533,2.0073121442944992,65.65931396687937,4
0.1973516547155251,4.1544243867795085,0.03424072714190632,1.7254890454966694,69.2452735972017,2
0.2614729695537016,1.8935058415329984,0.1796255736246221,1.775311340384387,64.62546826081649,12
0.2791904822094437,5.566296232199701,1.4103671413672358,4.704078003912573,77.89771643203076,4
0.24924642287697085,5.386700956454331,2.577009011434403,1.5835138990547115,65.25659742380583,2
0.38880045320267814,4.427000331323264,0.5037217982785109,5.9090713612093735,89.11556915232858,7
0.08983097773481852,1.3685648226570484,0.4100990130519454,2.650771452788534,87.58252604177657,1
0.23935370414756976,4.020071859543399,2.3195242526971582,2.3090173742569475,59.301478121745944,0
0.20045204994057464,6.760318280782364,0.08705055130769374,2.692570036354046,70.83645123315137,3
0.40099694375353145,5.842580297325076,0.6915840224055438,6.122503611398069,62.192120543965665,10
0.4674355152035755,5.293527890885306,1.0572504708925092,1.495652846922599,66.08022924173666,2
0.12791579245418194,3.3836263131931,1.2326599618845187,1.4216708465859358,94.02912961173757,9
0.40373494198452503,3.2711550956556477,1.9563260697524192,1.6455151912767148,66.30914299461041,3
0.08948655761560051,7.501732316663811,0.6573987034616531,2.2543400261458784,74.32271244492915,6
0.24781566399063273,4.107097185496335,1.4227729073637418,1.1159338076683718,76.49585552809934,5
0.26449203451846,4.144242567017478,1.3205727021153602,2.245516801302059,57.99244753020111,3
0.4549932251283339,16.70816995002571,1.1898361871906964,4.381621464976836,59.73885430708954,8
0.38950793387251037,2.6048776039932426,1.534491945626149,2.3644914243242754,55.527731543102576,4
0.09718177285658083,0.32505912355475824,0.4505415093951799,1.9796613929293427,59.36835119322667,5
0.3828986050331805,2.912770495025953,0.13267111725646655,1.7380013794222076,35.79963868819381,4
0.297838427885603,3.0460072006538588,0.19050910261515497,3.188034815995902,76.53498880952354,4
0.5903979088514874,4.063288509872195,0.38153030050582815,1.5994613090385672,94.65032609507284,3
0.17609833187507087,4.752834789752329,1.0403146949747157,4.657870494390172,71.77384886843832,5
0.2144134952920709,0.4084077855821177,2.75302873561727,4.822748043410149,53.00477368791271,3
0.6204682337798466,4.821312308373387,1.812439896572069,2.466253800765533,62.28668340520063,7
0.48723314496000425,3.187324441334768,2.334134401501452,2.2153135804129156,64.49347785970004,2
0.0962069245149608,2.699907282304782,0.6484275053212055,3.361085284956865,57.78898267343949,7
0.24965580347196684,0.6774575525180175,0.7779181438390897,3.448431192771893,80.32219166074188,4
0.34123779909224605,8.543590741213903,0.7505257350545933,1.6122058066854978,79.72312053250401,3
0.4009150563139554,2.3634072869151463,0.319554424172962,1.802866587487178,56.13457847418808,3
0.11793590761943243,5.342401107653324,0.09475583886607106,1.311355094864915,78.7009725333701,8
0.5572754113921148,1.6586217319079397,1.3407524879526918,2.621183610081918,88.32175196292718,10
0.06294278801876782,4.19153632236822,6.794632650586568,2.9056326706278033,92.83069846275473,5
0.12295220654768171,2.73368762008366,0.2737758328131505,1.2969686642375207,104.38254427703154,8
0.5302969759506505,5.230583099152014,0.07171455880504785,1.8550663026211134,59.17608820668163,1
0.2709993961105075,2.6624781979987615,2.2680019142394587,1.2983554601247396,103.89064511674243,6
0.27708902751884185,1.5918885066827562,0.43670405917065247,1.5534528147876092,65.74952333789454,2
0.3011841922288169,3.2970623196497213,2.6547956569551614,2.774323195923071,62.89041453543383,4
0.14014940155761474,3.174178744438793,1.825772827235405,1.6596507245441305,73.92486849853414,4
0.07373378490111673,3.995816428816886,4.369115735439932,1.9732257054574855,63.01526399088385,8
0.32915651051709327,6.331593430399143,0.7887242229114975,1.1607604014149688,74.78852968775831,7
0.359768584824016,1.2899684642663534,1.6269302326282773,2.398386174519817,54.15907374715238,4
0.30977747327024047,6.1172949639349445,0.9378256967797236,2.186475030730855,67.13496877523879,7
0.18035041428788406,1.112688607485618,1.4937669213793265,1.6626559605195457,85.42698681234015,5
0.11049325801614986,5.093209872432504,0.895662007100531,2.0634808316525506,69.31526450282612,7
0.2268526189451653,5.203200164414215,0.31355080606534314,2.3919715739111846,71.6991494408786,3
0.6389059701703224,2.264107202685249,1.0636021202484152,1.6064917118669642,75.70310325660773,4
0.24313915351568324,1.732961543641941,1.1280221623622066,1.2330551881167124,84.04793955181192,8
0.21596804604807857,1.654687465586994,2.4958716249000674,4.58243159452238,50.1373034537268,7
0.24855717435847977,3.532621529255533,1.9949884702822547,1.727527020826913,77.01428862204922,2
0.23747045971287373,5.435363889999399,1.635036216602967,2.141049134624789,66.78233032909884,2
0.5319284493276698,2.9808113998292955,0.18052020269200644,3.334543852024089,71.99965474374206,6
0.39043892434622446,0.27930307541748317,1.9127537096132206,9.130514767757894,82.71940203714851,8
0.16973758904288572,2.144629241745265,1.0406365193783818,1.3528390984360334,55.66976018305787,4
0.204026175015018,2.0829314558323953,3.367883468842267,2.66427209570711,57.84826670268293,6
0.25492632671059895,4.730549460888089,3.7861749314222264,1.676954055929603,46.774840483434325,8
0.2890608269629375,4.90102119485042,0.0851041043390836,1.794064790641619,63.41009269883468,6
0.1407896901376908,3.7326971215095703,2.5775535288958777,1.6684836027099386,85.96518813254579,4
0.18846863488275697,6.124938619590149,0.057639472216187905,1.418695819868979,68.55295373831837,6
0.5651992012277928,6.432332314781354,0.6863292957462166,2.18908457746959,53.91850125214257,6
0.5441384134079764,2.2495754467967712,1.1723119170878522,1.2339234939984491,64.17185506509944,4
0.20749581324893812,1.6229465235631118,0.24043060109939438,3.2502211058759416,52.14565955811253,4
0.1937947313120766,3.1412466816157028,2.0574858875351953,2.275048053081229,56.497766779226055,5
0.39173659785710696,3.727293984177113,0.012584700492624484,2.635239287750062,74.66582692316456,9
0.0549042835324885,2.1587756404750174,0.27696466144466875,1.8469295456899246,55.91352008432765,5
0.513200034727355,19.260474066125123,1.304099375447198,1.9215236255498551,83.35161166243962,6
0.16801384883050952,8.222781885945036,1.8796792487631024,2.4968390754567173,69.14655651003596,9
0.34984513829632496,1.9970195505093589,3.7269358831293564,1.3970735774052194,71.0271364473343,3
0.06470899156806993,1.3401644582997183,1.8336973609681129,1.928618273842578,66.65952438870528,10
0.3992098512519557,1.8653850676908224,1.6711034105875002,1.5779942750657339,79.27417406252468,7
0.3602074853627583,6.5087231396517975,0.7521575988011804,1.5585758315012985,79.39791865332413,6
0.3368158164406375,6.613983926219398,0.0019278766624140431,0.95701587798565,74.02065222294605,5
0.12566751557557146,8.287998326630051,0.19202154558588236,3.8027733739876184,76.77746927089177,5
0.18674564305294103,1.5813209903631482,1.1471405455304475,1.6911089526478928,67.45492396095489,9
0.3090542956810058,4.717533839491822,1.6864947379279593,3.544334531547098,76.50643608290858,7
0.16110471655100672,1.7113386831892086,0.8105059717093421,3.4127449172476663,65.94546669431432,7
0.15601939383489905,9.455374423814325,1.967777017593358,1.3305602809423798,70.02677946594882,5
0.4891720840330514,1.6294044856798648,1.1067847543501435,1.4399890447275248,66.70427500760444,2
0.0405952160464261,1.072251790156491,0.11560700769076765,6.197842104098149,64.51337752816966,5
0.5013100171730703,1.2714149115122289,0.3198199998710962,4.483349291298584,61.73065842733852,4
0.12548012366790592,3.3079787054577965,2.7488555386269153,2.197658762125954,75.61228124630662,7
0.37832624698778555,5.383027542911689,1.936000419956654,2.466867784726719,85.72727095376156,3
0.32221290371486117,5.1479856717163015,3.377296055641142,1.7292044354206084,84.05322366003472,3
0.12136225357209518,1.3220691218904215,0.18759204570611132,2.645714300311792,54.92121596865478,6
0.16476671994108208,2.4594609463869395,6.941512487429194,1.6705071111604672,85.47043661688248,3
0.42106902306580285,2.2086324407109434,0.3524574305649374,0.9871418754854299,66.18209798058486,5
0.22306564310409913,1.1539970433531554,0.017774713153756262,1.3117704133642762,77.2087961817471,3
0.7475416808203147,2.1662812896087598,8.941658546156953,2.244397473358146,59.125416015433466,8
0.17653263115212867,8.05964120622209,0.49499503190900496,1.4156277974330624,71.70375896648807,3
0.16939987569774237,1.0097064822155855,1.6540183555312833,2.166448116925593,73.76467819476288,7
0.10123676310915995,3.9094913080490796,0.291619714921887,1.4479309179492588,52.18474249696416,5
0.15521976788527783,8.180421136822659,1.3020672601166003,1.6275217043197194,77.29920599613027,6
0.2516719879928031,7.909274006756961,3.5156573942617557,3.130729744436344,86.15122009405978,4
0.6988438963940432,9.73864737635978,0.5788934084965417,2.4571256186063994,67.90422465182047,6
0.16287619472878653,4.185215121969044,1.664148817817011,2.2169541104382984,86.32201756993615,7
0.03586107451957101,4.627078615021406,0.31220431929268266,3.1632044784428937,67.72367807857111,10
0.18689261626561332,2.199417422412295,1.4704256975736314,2.697278865826254,80.1950143725594,7
0.28021975907890234,0.9881513244924122,0.6152274004559892,3.9694411498896276,43.3771604085868,6
0.5039853388745347,2.9769537854912556,0.3558794183412483,1.8516114149621106,99.02533335176156,4
0.2905356993774629,7.041868787692264,0.5635290234345425,1.8741327303244057,87.94549894291549,6
0.21370325400439458,0.2729042380591088,0.29555790817218314,1.3225428611912173,66.58449394895585,2
0.17420404077010232,2.281572204164181,3.482898186054549,1.874623263406927,46.33493168027418,2
0.39919600736253635,4.942417644367886,0.7592220867747754,3.273657815382733,73.45634041966586,3
0.2659319496638474,3.3414673365036984,0.4221113078119948,3.7434024689310674,52.672893435114915,9
0.4020401338219226,7.624508458796117,0.8924195223056808,3.2678166384384597,75.33824245068986,4
0.1054043592980552,6.568835792658654,0.5796769086361431,1.0858067438064032,74.93878862997138,7
0.18962207868009487,0.8676971500099483,2.0463253308363116,3.4323943712580722,58.7031619719757,8
0.3548328182831717,3.5518128768376407,5.32210727380501,1.066724299747438,83.45160428337253,6
0.07851743073924757,1.7845375504352432,0.8644699773661899,3.187531936246494,79.66689643367408,3
0.12350488995470801,1.7648641287089495,2.960282493442805,1.921077428589481,81.70988004746276,6
0.24137784545030638,0.9384433081853787,1.2515929438956457,2.9476649825120615,70.10629244402675,3
0.4688543103047804,3.992803283470398,0.2566018730025998,1.3060674305049453,53.01371119703552,7
0.5491671814360513,7.728713157858022,1.7597907710443177,3.555398146129632,81.73446726653366,6
0.13208665662881736,4.250496907378817,1.0805756180437125,1.2386351668752904,66.7555432103705,2
0.29893631402013454,0.8790856657528018,1.5773348269876601,1.7033860014037014,53.32263828168797,1
0.5146805029932751,3.202063597640387,3.3066558589550334,1.4929621235711097,86.2244723916919,2
0.40089713682600786,4.808346362211661,0.8708922233103409,1.1032783425294193,95.19289024603012,5
0.2842255949831302,3.024895164348533,3.4716468213270346,2.3113020576007965,69.50502245224956,4
0.3175441101133822,4.196657573319402,2.083461007932346,4.583375095437534,95.9094538552395,5
0.1384834698703489,1.9107979320157873,1.0059192724718204,6.46732184772831,71.0957767433362,8
0.20097123645401038,2.761017956719728,1.3865680358337302,2.3137331789342044,65.43452915000378,4
0.24188964316220724,2.6293897520339335,0.5908558439909616,3.4787481777235447,62.43449854977427,6
0.2295611941890383,8.66725286546039,6.165463961445862,2.4420500114093486,89.64498889591292,3
0.2156860757163646,1.3486649780998292,1.6510018336784906,2.717067783102678,60.63827342334674,4
0.12310958018220286,0.32747475576921453,0.0672557739413007,1.9408781776611983,78.82323171969985,8
0.5160624858560737,8.30960345138758,0.5931724542789003,2.40615676230211,63.290033979289504,5
0.2623139249573352,3.641423842957293,1.4645167220125763,2.759339892784568,64.47631884910764,7
0.23099426875149454,1.0983011929409219,0.08697333553361979,1.7658216540748188,82.3629963276348,2
0.09595128593448145,6.188423011367804,0.03626106475928704,2.1576124864976034,65.43955784452776,5
0.340353357371217,5.014788032376573,0.8968216103933186,2.1741286256930685,65.14245544695648,10
0.15694670027434335,9.591983325461527,0.6067512640507857,3.09739466328436,83.59365636609769,4
0.16200257717108482,3.855755399193349,0.8651773519719913,1.4529371544025638,89.16876751865948,5
0.19459935313145535,14.109915703929493,0.4571270103267888,2.180126966365162,77.7362776394108,3
0.3889033363849212,3.045614757858059,0.26997837545482095,4.781728957154831,62.14276269251261,3
0.3240072686151163,5.021331491138191,1.7526351419939723,3.545304532302893,63.87269800842905,8
0.05696068686177275,5.5282495844842705,1.0840837236739158,3.8177896120507,70.95898316488045,3
0.5068443274386883,2.354539213378054,0.3350045009359469,2.2473971763224516,73.8511607431079,7
0.30439250526781686,2.2943309375715484,0.577588317157484,2.530454739381779,58.145609078322735,8
0.2972452247392276,5.606096880612585,1.3440261012385477,3.3230879852616546,78.67645527495837,4
0.1367056096153261,1.0070150911229532,0.11245607891352474,4.154126642263431,71.02615995567518,5
0.44914011712217095,1.7742386836631305,0.23929042537227957,1.019547432132208,49.41150017634244,6
0.25181479605739426,2.9810964786690044,0.11410004043015168,1.314982657303051,58.852882210471236,1
0.16951392607312646,9.39755052704841,2.5095040234449995,3.757589421733642,63.95045591618003,2
0.08014649270573643,5.608721764916326,2.093967044560678,1.9922093672738075,69.12570773390733,3
0.23253705235538352,3.535075533588071,2.0994520144118884,1.7011622336081167,92.67134554604795,4
0.4841625365767797,2.1788763837376877,1.8898909096710885,1.347613978257654,72.85805567367554,4
0.1693257626556566,11.875218869532377,1.6602030060516166,1.7824580156249956,59.9107373212165,4
0.07477892700140167,3.18604056269218,0.9722375353031474,1.270044941218306,72.64756965168596,3
0.18524232349219433,1.7727408953736994,1.5419993814504194,5.136837969287009,65.77494703055343,5
0.16796351370450527,13.346948985374357,0.058675103307951705,2.2056573429936073,73.8970988744025,5
0.2763354949660545,1.0538990275494167,1.457167822348775,2.174545730736344,76.96681224442739,2
0.1309785515470799,7.887844605252807,2.256790759239459,2.8157556712682235,84.51076776668725,6
0.1542500262093677,3.370935924297803,1.0407962374437685,3.2704842666026046,69.70856205195969,3
0.08993538353011882,5.599422861135911,0.6636138105926503,3.2490260113865888,89.667526331198,4
0.3465590425511273,4.925797784435626,0.487404688525424,3.4193441974755077,80.8962719504343,3
0.16499025374641893,5.543905850961366,1.5441977542976544,1.7292050248417128,61.510725462253745,6
0.1454381844637113,14.12513847855219,1.7703902692594493,1.975562717486315,96.51826798898156,4
0.451163889216197,12.756939350275873,3.0715376134508503,3.0271229959784716,73.92393415924117,1
0.529206349858932,1.8560461207342416,0.628587301045795,1.802265303044695,59.97850595233317,9
0.37717719713879494,4.7951909636576,2.203029737797848,2.22099956085686,89.83495661476506,7
0.49771530922633084,0.5950275913480707,1.2361000920415846,2.6104053238456224,94.93333102238134,5
0.42318456662924475,5.961071008191426,3.216277206342662,3.046745686422556,69.60369683536527,4
0.21733647489695565,6.93416334963556,1.1255674454441988,1.0930015366033472,63.95619687549284,2
0.10549743468741864,0.3337882206367705,1.0935652032150598,2.9620993593201845,67.93150051055606,4
0.17711581607683305,3.2767626354063157,1.2936880967286408,2.02690576572293,78.57678073021239,5
0.15601042342477014,5.592358489707333,2.0753392871490384,2.953476893621186,85.33427986036617,4
0.3583027272484148,4.32473484792599,5.015403944756798,3.0367038792349295,76.84584797036288,6
0.2382117203777517,1.0755324503491024,0.11461442362812221,4.234079818998308,71.22067850166124,3
0.044437637134920625,1.1951660464697524,0.0823728248608018,3.824323003438931,87.97614124365313,7
0.17743415640634935,2.9883342058220093,4.16009166789725,3.8138099068378732,66.24596232338173,5
0.08105034586883748,2.354272260405189,1.132136989092684,3.96485041360022,82.37103206040288,6
0.23325972978998843,2.540500717321473,1.4313900993039796,2.500652240199218,66.54324641978465,7
0.4563029734443914,0.93130319149067,0.9878972024552624,2.2543778453365606,75.17227549613072,2
0.11099512270858748,3.4150560188048282,0.14750693514983354,3.1554364843029155,68.63724922251458,6
0.524107383079782,9.445328341280215,2.1921048500234486,2.982710290315351,69.32977380816627,4
0.2494485341513156,1.1219243599686726,2.06288116491762,1.966732439120036,65.47136179045349,6
0.35765966969172464,2.7977108188917077,0.5603029728546536,2.6167402494069947,86.13824837416834,3
0.1411241998676989,5.167797423871089,0.5484421675022646,2.194515763457369,61.20488754269758,6
0.25621935561558057,0.7142704889784126,2.728770438858337,1.581583936943455,61.1172129694155,8
0.5239791499617252,3.4410775595355645,0.11266289449888053,3.7291648081163795,95.45192279014131,3
0.4819498063691885,6.792412892437149,3.1942736641648213,2.27522670278042,81.73417077585198,7
0.2639644320402215,1.369761849451931,0.4449060120168076,5.050480074768515,41.378635615683564,15
0.22351415888456408,3.696750139394801,1.348356929159218,1.1616054907006474,63.216895129475155,7
0.27642704708167387,6.46232164697845,4.123171869991837,1.7812021310240445,48.25612794925535,6
0.32112925534140707,13.659172670461972,1.7003763680670274,2.254787051737841,58.59171167901694,3
0.557406885681536,3.5563559895334373,0.8027538403476547,3.5076715421899234,32.33782400519152,2
0.16218908617481992,1.80948568726199,1.7545223359298756,2.6111421971666022,68.35612506767269,5
0.15480747939205203,1.822940023955431,0.632345172478788,2.5198241105140022,56.29669817006426,6
0.20960392282734935,0.8762645853172396,0.4870553145754756,1.4177831403876326,70.71886308155726,6
0.10686653718771086,9.953223278245664,8.563167470261389,1.401052081396456,50.4985448934097,4
0.36441921405229005,6.196515770719304,2.084190438171006,2.5319806551736685,70.99494223806448,1
0.06985421523280302,1.1948781361873435,1.5522735065029734,1.2896328977318574,65.02100466255607,6
0.5752524381494897,1.7194765466295723,0.6584311834476368,1.7990322831933134,88.02343558226315,8
0.28165155884564697,3.5122024982344735,0.0756155198537947,2.7192794350684855,86.9362823409475,2
0.37944115369394515,6.757653983796134,0.04732404661911103,1.5024097079653886,79.42414723612339,2
0.045659631002925305,4.8037154218470555,1.2117642178761847,4.229747865194763,66.08063463206545,2
0.3907392159198113,4.477209023605848,2.1534331471795847,3.6312412707653596,93.82456474312352,5
0.32590294062100394,3.881578653602605,1.1562713194318297,1.1870034245440357,51.36357666592215,7
0.3450841502829877,1.2585999681842541,2.7562503611118694,1.532731599548695,53.15729644523605,7
0.23701367390107056,3.5471010641458562,0.05099695480271692,0.8919805979659111,68.99460280133123,9
0.4243518655493258,3.231383875500835,0.6853399036566742,1.6273671361285444,97.04845730705344,4
0.12881200099088816,0.863316244747041,0.40588426162785973,3.0239241962606163,67.57193311755896,7
0.3299114686361586,9.789556942277963,0.8893365189464588,1.885969520371694,67.80105708148862,5
0.06675553056618239,2.031258510413802,0.11269383687996698,2.6759886408868723,52.69707572665829,7
0.10571078303232644,0.8883560313359667,4.6229696377193985,1.210539675140329,81.35115502324454,7
0.5357995621053333,2.329245227500383,0.37896552623045904,3.0623729883922306,81.43811505195225,3
0.15957134377575058,2.711424611321881,3.832500145784604,1.7823920470876708,79.46890241679893,5
0.12287989871766321,3.156753702286659,0.8324096384003843,2.236400990150237,62.44935192583165,5
0.3099564477393271,2.6753424379857416,6.352908567861487,2.1443794277362365,61.519518779523935,5
0.5006741240171694,3.2966230356948296,1.2113508602252057,1.3382738228709954,54.48253299514035,5
0.19253338124350866,3.7347053942270287,4.0068441675031865,1.4032153295783014,71.00647002113121,8
0.6798139772747848,3.592355834443088,0.008045018631454138,3.277620781199814,57.03511204865798,2
0.16580692395614124,4.453357635922178,2.0689114265156383,2.610643814140891,55.871001937008536,6
0.44532573170634104,4.647000509883678,3.5003499507063087,3.387254179452336,64.91571139707189,6
0.28710346659034747,4.731027476539648,0.22574703058927187,2.5341627191976515,64.13012589778941,6
0.20515210248463084,5.591912100202875,0.15159771719901927,2.3565442709021602,63.54425765413654,1
0.3569482999794101,1.8462153736312423,0.8289633336582796,1.1158269090733157,75.59733516208314,10
0.08720531597496316,1.904832540416239,4.069870911776285,1.9974139548211989,70.94857362580335,5
0.23791157291652001,6.778818820879357,1.1725957037019648,2.2012959868166084,66.54212763386658,3
0.2125906368597829,2.3880768747137116,1.124438094032291,4.860993686759501,72.19615513973778,0
0.338047471227676,3.0226166506977714,0.22819978152458725,2.929356144097509,58.101675506744414,7
0.29052756084271986,2.816788510102585,0.0011847343818608032,4.1141179971899895,71.26334348691614,4
0.3479181328972756,13.338740302343085,2.4922031977327057,2.826431840409396,71.8072299141356,6
0.42219960770511716,1.5815756245498716,0.13747336458869874,1.674439879777846,51.96343768771023,4
0.24249642318363557,1.5549267720388738,1.5070675476290925,2.33228782847123,81.94832505244435,2
0.3024763373927353,3.305353162304449,3.690902808860846,2.4460866418892557,59.42279553727605,4
0.5685546252018753,2.8801190520065902,0.3510260231909679,1.5285778175229559,71.08371759047722,9
0.29393240112032726,1.1839312176795436,1.6416592732781634,1.9083615551024802,83.97294088642325,4
0.23718069472344744,3.1014946919201165,0.12295202699154495,2.0496995112515237,81.10812109256644,5
0.4348483136027772,3.3748818768809286,1.3885844027528473,4.230194330527786,70.41200066282603,8
0.24766475341982122,2.1948501729972043,0.26856749359737087,0.968219743077464,65.65001196541517,2
0.5915252921662858,2.9593766370403625,1.9974454262492856,3.6050201792224423,81.3701429029068,2
0.4941427378687358,1.7207111097801813,0.537653228018119,1.5300216811898288,78.09633973370345,5
0.19275092244199293,1.1866736719794244,0.9337283779040331,1.2855264524791707,62.57961975947044,4
0.21570858057122805,2.37329167558008,1.3723021490473228,3.5678988033130308,60.46127623597972,8
0.4548274324248505,1.367501876571102,0.28179747906816505,2.9824921044495896,45.13173781964802,6
0.43203347294911104,0.975547513049167,2.0300893119963623,3.6759348488407704,71.84838210020305,9
0.4727380263938699,0.4729043424654337,0.5406809861177581,3.0657148708702673,69.00762705977921,7
0.2538973946761992,3.930383684937544,1.6287152495925468,5.073028622506845,83.6342964957105,2
0.28572136176326274,2.308638735057604,0.2584672289729025,2.782888827587894,74.3086611217644,8
0.23179228060444987,6.806000816971946,1.7476939127076756,2.090512078392532,86.01075033007228,3
0.23320414628000993,2.468598580782712,0.20577233724586153,2.552748318950928,61.631629265005955,5
0.16973032592208812,3.9164222126628307,0.8310081359598852,3.6597236947960154,83.65780397161141,4
0.49151217411248693,1.9471560255327236,0.425945638411122,1.6294619525976661,63.65300345074414,5
0.33195877515080124,3.227848758120694,2.069724579438227,1.7147110234726946,79.33115274150727,4
0.34270313402458813,0.4774457243056385,0.45578833063156265,1.966816005107009,52.494899289631675,8
0.47320746037150585,2.344529346530891,3.202016716706125,0.9590298105875933,72.82162359239426,0
0.057826174727944005,1.5906879993567276,3.3359410901285753,2.3519184654069356,46.18374470264908,7
0.3342823374545915,6.340165429141526,0.32805759005174273,1.0466017828465426,66.79435016869894,4
0.5055663733930453,3.7343102629027376,1.4272783244120923,2.2732800060731666,75.28424792653496,5
0.10926771693672341,5.745710449837848,0.1377086001717138,3.1459499721332485,63.74837738522685,2
0.47637186210417104,7.3143697110628,0.7452290060338957,1.8390505182450663,57.39474845492839,3
0.3351520189164386,2.1901700765945393,1.8740920511069867,4.352917665980127,80.1534216315512,3
0.31131126560378347,3.617772417169057,1.615672148587525,1.2408537369264676,68.75844652183692,1
0.3156514521042244,1.2521042611525917,1.470047034750172,3.5840888038037013,64.12515223563194,3
0.13425930596426694,4.353139802463542,0.4980589287148171,2.915539332933814,70.50275105385131,4
0.04261251654027319,4.812294762738989,0.712282948017483,1.1202890144964555,101.64002970334707,4
0.44024925150934274,4.142454745114575,0.16295906905882435,6.581862234225503,83.84203419737852,7
0.1195934956640864,2.1881364143946684,1.9042227366805518,2.1695111936555613,83.95088401825409,9
0.2000779313230958,10.391423568204424,1.051432766053026,1.5667546705123685,75.22655582790837,1
0.700781797570807,3.368182773271728,1.8504404232487357,1.2676504175765657,71.99782327092576,3
0.2817555447671211,1.2590864584678674,0.42941164506182516,2.038048615308183,41.247012540035,5
0.34926511547555156,5.135653698232358,0.5883160205502809,2.11496285785045,61.85223584244241,1
0.18348662812958905,6.4688957661301725,0.6101834849149518,2.318819480163933,64.2331070415703,3
0.5023166737897835,1.2825681466554337,0.039119315889062915,1.9756185466762668,47.5012952314296,5
0.06245007841002175,2.7129444014044783,0.6256565876668511,2.8670686286155385,56.1110105174148,7
0.4354437700393007,0.8700838264800173,2.439148207639488,1.9058880480932938,46.229962348928396,4
0.0920630148030118,7.502287738750592,3.4138927726832398,1.0263556797573412,69.54011397163153,6
0.6257518883853295,3.076858508826029,1.095396306813727,2.0964708884368033,79.82519165018579,4
0.37700811694720254,1.5970059183399246,0.9118356749463528,0.8633016941341137,83.28129422349194,3
0.1271719790497805,6.525804231967211,0.04696453712121475,2.563845429555729,74.97741354495089,5
0.27435287356315835,3.2990987862528027,3.1704823519347953,1.5042281475709274,58.439243905617175,4
0.38256661568693123,5.928091367048177,0.01964338132711252,2.3758235658980684,46.815218097760486,4
0.17843961982715925,4.551969650882936,4.3438325855308015,3.7645562507153896,48.91757560718197,4
0.2162905367743838,1.4098305146167964,1.0077134484059516,1.5227235213715837,54.77220907294602,5
0.520974034164533,2.1271529978202275,0.6276761981612592,3.4024729429558693,59.3336836235719,4
0.279074004926693,1.636454150090305,3.8698503294624884,1.8713202042056962,68.08301802410097,8
0.48498879957497276,1.1792088371731015,0.03704007079277328,4.4874199751791615,57.83002938247638,3
0.3481128642195799,0.6500677141126122,1.3063484137135517,1.9231009372923413,74.06771072401914,5
0.37769730827879666,11.757637001333345,1.1942075063803068,1.590109379170671,67.21271796640633,4
0.45526763848906865,4.087357986563627,0.3713856872171957,2.9296863811740077,70.1265485408923,3
0.564636774420852,4.531582774129007,0.8402534186428141,1.8695244769918888,83.68300663205446,5
0.13525495524082076,7.023009669427971,1.584467587332559,1.5895011014915772,55.83721918959556,5
0.41890629703440113,2.1093438720267077,1.9481462609538958,1.8383419655807398,75.02445493950842,5
0.6277239733678208,0.9370556141939934,0.0010756736589646303,2.186183625968123,69.83232125828712,2
0.42330626189328024,5.574415687357072,4.143445122337221,3.8071164011759717,65.99816462836365,4
0.3242865327317485,1.096136202864155,0.2696329489838993,1.0267155304882212,80.62307585039152,4
0.5237323534287259,5.48318486580604,0.39903828478802095,2.2461828481572406,80.54816985468409,7
0.6843643932117193,0.7956621165422617,0.45871498350419004,2.857540923049991,58.642110448138865,2
0.35926527588984386,1.0203989109187692,0.057830816327529455,2.40459004602993,67.81407299370491,3
0.3939614324212918,1.9369412080050579,0.19696158351699863,3.7582223553452434,73.37454019100878,4
0.3799956547644613,5.340997756984984,6.441015168376149,2.160331901722216,66.72391902372898,5
0.08417433653931046,9.503402240010518,0.5679793435752862,2.067167728199368,77.02025598745358,7
0.43722711473977127,4.526393118214812,0.18376186039928546,2.8205497670543536,73.3743042149233,5
0.09410779357588527,2.0022535440810905,0.16973836835226735,2.315731281471344,91.99073488427214,3
0.3982612864989766,6.279896079714718,1.9065582696727275,1.9037707118857405,51.63665036884255,2
0.0776550664575109,0.770430063249207,2.8920768322633887,2.7358922477010106,68.53076812303124,5
0.12821245493162955,1.480176209817814,0.44549255470663407,1.714272312019227,59.097969861853706,7
0.21425064305656616,3.543041525376681,0.03169681808418834,1.7428629579242918,77.24928946526853,5
0.18980885239554654,5.701556539486398,0.37864618377163894,1.8018292363494937,50.59393731945347,5
0.449549690409468,2.8230609128660253,0.08726331709055421,3.823734886977607,74.15575252269863,7
0.23408313613509105,2.5894473928109636,0.1637096999638134,0.6136033665469919,62.439418823819906,7
0.10047468691113758,2.71214574031466,0.8471523732404342,2.6071027150960093,61.19005760654783,10
0.17529106997208221,6.980684111608587,0.3918881368278883,2.2562603394721505,52.642021557511754,4
0.31120624590899987,1.7326186025236854,1.0883378359328533,1.1361573423579725,64.41908864558793,4
0.30725814341699853,1.3910623964528268,0.4385269409949476,2.5190723323196944,83.0140063634911,0
0.31622983906163077,2.678285298301664,4.233609108470382,2.692044108647112,69.69773579764625,3
0.44932302965782933,7.641257553870668,3.545796882614934,2.817516131955642,77.5321650144937,3
0.4992607592612914,1.9090138472039757,1.2548547851648248,0.770487979526338,89.9757018635953,2
0.37973287476095796,2.705380075687547,0.6564184875405172,3.8441625032828335,73.16506701787091,9
0.25879512048478875,0.757009127300462,0.7198309855309369,1.6568286413936073,63.294405135251914,8
0.21720650202910807,2.7957153634953027,0.7961657152376143,2.9289005060661406,75.60702658219348,8
0.6337271424536701,3.9437171161430813,1.9506116964860065,2.9934588123865047,63.468446244228495,4
0.3024225452045582,1.09777693337741,0.9012321624369908,1.5672479227374176,63.94692780043397,10
0.35324383153672917,6.989503733305293,2.9145359155459123,2.898472809713432,51.76128640457218,3
0.19600880118123296,3.906352037804412,4.326146442333249,1.9075175861983122,81.11508989301271,2
0.19460414633823603,2.1672407252491843,0.6140880577272515,0.9718528530475151,65.36796909220672,2
0.12016596269169015,3.9279146249277974,1.2338402486487148,3.5505295813664217,72.18517894979034,2
0.2881738348704263,4.71825910749934,0.14982421330775658,1.6322868626750957,57.568456856720324,6
0.19451076843381124,0.5514236059987433,0.33559504945336194,1.5812293512411002,75.23137155658567,2
0.22190174670034968,4.0394764736732975,0.8002863657170508,1.8941565607629907,60.85670514237899,9
0.4924424140581507,7.46127613106075,0.34639074004806675,2.481578104172531,68.29949533957812,8
0.08506599782258312,1.711390240210173,3.1380060702967114,2.175137401548723,80.53391237486952,4
0.17078468035505964,2.205827200469471,0.25847294116480435,2.771051275064012,79.48911174679036,4
0.3275299415979275,2.5148594215085276,0.9122741049346358,1.3023941875611809,69.73563912979671,3
0.3146017534698956,5.7459035099252596,1.3959619677004858,1.6537500254357962,48.78242760751938,9
0.5591300431761457,1.2855690732430167,1.7658206054667271,2.1246374394098617,105.91372684072769,10
0.05690746574113332,4.5644548293249585,0.7244980381089042,4.754801345319262,90.95030764327763,5
0.521586297139582,2.5529186663554597,3.0499717375338156,2.1264947877910316,78.67209789865959,5
0.11091117446247269,9.797479157012994,1.2601031091158674,3.4352472594785537,60.96155462090835,9
0.22652284530795472,2.672950336239714,0.8684098767429395,2.2601293982630075,68.63689405957642,2
0.08232379528839835,0.2680698427532088,0.10441203856691034,1.8340681732307753,63.4789548426818,5
0.020337621111797904,5.182492608358552,0.9373624014889878,2.016392916657109,85.16627126915665,5
0.5150992247062112,4.39977107278339,2.5783422170354244,2.0805496532803622,73.150034690222,8
0.1524295832997067,3.784987292899979,1.4299807414338646,2.8333458588367337,60.59003369968201,6
0.4015616903423039,7.324924375230517,2.6771381308421565,3.8568257747771746,64.35093881050261,6
0.1934741652155991,0.6457272139488891,1.021862511579247,2.569913752677449,83.45425771083886,7
0.5676055160091945,1.5001999129608181,0.18913025280017254,3.578096916488159,89.20117416184574,5
0.207457529958512,3.215308436865582,0.02060058473798736,1.512984371005428,88.33997876183494,5
0.24303279275432918,3.6367067877134374,0.5419273589389286,1.8854146995679855,79.08438478064772,7
0.16867962259904035,2.8658662534807906,1.7959450661597807,1.6657558532166217,66.96850157436836,4
0.11978721348434991,0.7691783952965915,2.3428292288826675,2.523830624260864,31.101834096050553,4
0.4281637369757693,2.2236700820014725,0.5259388458806213,1.9278716953678907,73.56592028569865,6
0.2805328520070296,9.349292293353546,1.0267388724645916,2.979957905700475,69.97805489387079,6
0.025530459181464824,1.2284523291139222,0.8199872763234609,1.5335714792890787,71.67978515585625,4
0.5758838933798938,3.161143256478983,0.7927788150764061,2.264179381533887,70.64676816439848,3
0.24667491342653283,4.576619361043821,0.39467681328176585,2.929240470692981,54.08485405661011,3
0.12659141193795395,5.631133887580835,0.21991818323717321,0.9742170950155273,76.68890268221423,10
0.07690526282307505,5.165064001858418,0.328519188670624,5.19996826628927,77.58659576838221,6
0.13178659947560378,2.0918357195626047,0.08538321871311877,1.9872251050345087,78.18806538471591,6
0.34235225040309447,1.4944121036934277,0.3312145562023935,0.9900340272639636,81.35892404288064,4
0.44228704443852895,9.848774383097522,0.013865230991334543,2.3708239653509553,77.24861973905948,1
0.22902080143355766,6.015399886647283,1.4803047937630442,2.255512877414667,65.07964706153307,5
0.8133424050014514,3.393584510825641,0.5705195298571761,2.1538183596259053,69.14995782500692,7
0.20792342426577648,8.17995918505293,5.425938765123482,3.308438894887517,71.09349840704053,4
0.26083444259376065,0.9427815709280535,0.32298081667949113,3.0010973003372223,71.29239338927943,3
0.10952628416623476,0.27942352440903473,0.6365787554471882,2.507159593763683,81.97861187166076,5
0.25085125200039493,3.606028737673754,0.6643793841725508,2.6646221190288255,77.7240250362699,7
0.46152626905013167,3.7339922721153727,0.012731118695036583,2.134551640602135,94.92812127483944,9
0.6224521206393593,0.8561840123370655,2.7414650739915496,4.527619658519178,96.47762775861607,2
0.3984798933684013,5.8668345320882525,0.04877620309580431,1.2316091823372544,70.9557949913671,6
0.058734322284688674,0.4455361556250994,4.224618694474657,2.353399008368448,23.960133418487565,2
0.09968586243360074,4.204017757010957,3.339469087486313,2.284186292194069,84.8419895935272,3
0.05874538677015844,4.912176454797268,1.1502613559136898,3.0811785269737624,63.51548393215535,5
0.14049481279644285,3.5741114149938076,1.1765639481063903,1.5879731411208364,60.38219293802792,3
0.1813561796987826,0.7365384534112156,1.591012302973772,1.1079716031175506,65.2186567001276,4
0.12077322769540527,7.272712638176099,0.7342078978685376,2.3696190561815365,64.64028343822473,5
0.3803905055871858,2.1502825183944996,1.562875677604235,2.490521675803043,77.34723772126472,4
0.11550874706878701,2.1559851577785674,0.06870216445845417,4.038364421264564,51.286770650485295,5
