normal,skewed
54.96714153011233,79.87841928545213
48.61735698828815,73.58497134922305
56.47688538100692,59.70728559856095
65.23029856408026,70.11554206569208
47.658466252766644,67.59504693543845
47.6586304305082,66.19134164139204
65.79212815507391,73.36305743449735
57.67434729152909,68.26074310927773
45.30525614065048,76.64912070879187
55.42560043585965,66.58930838213706
45.365823071875376,77.26346856621731
45.34270246429743,61.81087505074385
52.41962271566034,89.82643835084082
30.86719755342202,71.68937046177749
32.75082167486967,87.1482656492154
44.377124707590276,62.66463252356335
39.87168879665576,70.11758025623064
53.142473325952736,70.2131423754677
40.91975924478789,63.83296542447292
35.87696298664709,64.48125108561915
64.65648768921554,67.89306411838683
47.74223699513465,68.1487920456751
50.67528204687924,58.332647016723634
35.75251813786543,90.02109271590592
44.556172754748175,81.27775519215274
51.10922589709866,66.78677987606805
38.49006422577697,63.254586492508736
53.75698018345672,63.6407310578984
43.99361310081195,69.47002636914894
47.083062502067236,75.99954403677563
43.98293387770603,62.63681289828605
68.52278184508938,86.35762014014473
49.86502775262066,66.66961835729259
39.422890710441,70.41420285072518
58.22544912103189,65.6294050658224
37.791563500289776,87.61157705215675
52.08863595004755,77.70953359548336
30.403298761202244,82.61626859733565
36.71813951101569,63.31189751554394
51.96861235869123,72.98808181706912
57.38466579995411,84.0966620764342
51.7136828118997,67.45998048418392
48.843517176117594,75.31768201410895
46.98896304410711,60.34736224369421
35.214780096325725,63.804066380335165
42.801557916052914,74.86231832749876
45.393612290402125,69.73659191663431
60.57122226218916,83.54241358644082
53.43618289568462,81.54878725623837
32.36959844637266,80.83026410198039
53.24083969394795,68.10536710377015
46.149177195836835,64.61334831672043
43.23077999694041,66.39140055338495
56.11676288840868,63.437373331201805
60.30999522495951,70.22239884372351
59.31280119116199,71.24714149187882
41.607824767773614,61.09219498486315
46.907876241487855,78.80870945331293
53.31263431403564,68.50542298698221
59.75545127122359,65.24268191256742
45.2082576215471,72.78804642712954
48.14341023336183,102.72112273889182
38.93665025993972,77.72875949134153
38.037933759193294,86.1202628775842
58.125258223941984,65.01356512946134
63.56240028570823,77.58149759453326
49.27989878419666,82.96391392618472
60.03532897892024,77.12556823213573
53.61636025047634,64.85717037658624
43.54880245394876,66.55419189017633
53.61395605508414,59.259406213809456
65.38036566465969,68.96509452527062
49.64173960890049,61.2789359797098
65.64643655814007,78.85486996664613
23.802548959102555,73.94795814099056
58.21902504375224,67.84134881719196
50.870470682381715,82.31378038959096
47.00992649534132,64.59299292126029
50.91760776535502,82.19154573328514
30.124310853991073,72.0181012081801
47.80328112162488,65.20303959468285
53.57112571511746,64.31553146017845
64.77894044741517,66.95561642352088
44.81729781726352,87.56944400931454
41.91506397106812,64.87889272871325
44.982429564154636,64.5966300909101
59.15402117702074,74.61912770654571
53.287511096596845,63.34349103794852
44.70239796232961,64.5428470689231
55.13267433113356,60.76274221041858
50.9707754934804,60.581003951014424
59.68644990532889,60.10708790067531
42.979469061226474,71.78895572172105
46.723378534022316,59.075549365397976
46.078918468678424,72.48599416792041
35.364850518678814,61.31782241030781
52.96120277064576,62.174403806561195
52.610552721798896,91.42406663339338
50.05113456642461,71.357630086013
47.654128666248525,66.39227973329976
35.84629257949586,75.45766984856319
45.79354677234641,104.57458947083495
46.572854834732304,89.87213681202806
41.977227307783814,60.403678872256734
48.387142883339905,74.76498314126077
54.040508568145384,73.06939505738289
68.8618590121053,67.80176568303862
51.74577812831839,74.76997936969165
52.57550390722764,69.80058111700492
49.25554084233833,89.46827659477266
30.812287847009586,63.65816170589726
49.73486124550783,63.002329434054104
50.60230209941027,73.047320402521
74.63242112485287,65.9025080105969
48.076390352188774,63.3508077335869
53.015473423336125,64.6812466787139
49.65288230294757,95.53112023647259
38.31321962380468,62.344114600249945
61.42822814515021,59.17708952961528
57.51933032686774,75.39648337905315
57.910319470430466,80.10155437579034
40.90612545205261,78.88815516816872
64.02794310936099,69.5046576902519
35.98148937207719,77.45236517943437
55.868570938002705,84.41340843280808
71.90455625809979,76.29323868258103
40.09463674869312,62.75457414597682
44.33702270397228,69.59480054461767
50.99651365087641,59.88955408161102
44.96524345883801,65.9788946347616
34.493365689338674,65.4508852114109
50.68562974806027,66.32668158271306
39.37696286273895,85.08982383507114
54.73592430635182,67.65256806478168
40.805757657661964,64.17259949661303
65.4993440501754,73.53340616116309
42.16746707663763,77.90553679982318
46.77938483794325,76.01073247712242
58.135172173696695,67.06709286962784
37.69135683566045,68.27503100491832
52.27459934604129,64.19538653760458
63.07142754282428,80.60914436486156
33.92516765438772,61.98094124145016
51.84633858532304,62.23841237816731
52.598827942484235,62.91633534254961
57.8182287177731,62.45623027058898
37.63049289121918,78.7519557272301
36.795433869157236,82.73014078709264
55.21941565616898,83.6447640786829
52.96984673233186,75.09392157015999
52.504928503458764,75.05955637568846
53.46448209496976,89.66071181300755
43.19975278421509,69.50568628214835
52.322536971610035,79.40351928490786
52.93072473298681,82.62712605765603
42.85648581973632,74.15212960266865
68.65774511144757,70.83102931669688
54.73832920911788,93.14465341742721
38.08696502797351,76.5663224352648
56.5655360863383,64.01590458797291
40.253183297726785,98.96393759959957
57.87084603742452,94.56151803860351
61.58595579007404,79.99652049073556
41.7931768164829,82.8567581456391
59.63376129244322,77.62147928754365
54.12780926936498,94.89958097952602
58.2206015999449,79.45079396779843
68.96792982653947,66.53965308645327
47.54611883997129,68.52775264034855
42.4626383564251,73.43376918516364
41.10485570374477,72.80108441804802
41.841897150345616,64.08357772652626
49.228982905858956,61.07786933414312
53.411519748166434,60.707730082375285
52.766907993300194,72.49983945974854
58.27183249036024,61.0704789900071
50.13001891877907,87.66784864000795
64.53534077157317,61.19203816916895
47.35343166762044,71.73492859317989
77.20169166589619,76.46153705288485
56.25667347765006,62.401376699357364
41.42842443583717,80.2429034228031
39.29107501938888,73.43714298215855
54.824724152431855,81.39154468454517
47.76537214674149,78.07207929755816
57.14000494092092,76.33027013516141
54.73237624573545,76.78950791817655
49.271710873431275,63.750768552682416
41.532062819315954,67.5691631834065
34.851527753141355,73.5746325950817
45.53485047932979,59.18749846622963
58.56398794323472,79.22125621540346
52.14093744130204,65.95435252130066
37.54261221288012,62.738310511490596
51.73180925851182,83.49317309155526
53.85317379728837,65.58628585503321
41.16142563798867,59.657444690493655
51.53725105945528,68.27479990389506
50.58208718446,62.38458836482214
38.57029702169377,81.08873350867447
53.577873603482836,64.56213576888761
55.60784526368234,66.69405180530921
60.83051243175277,62.899637337383794
60.53802052034903,66.17874412862287
36.22330632042909,59.301729158849845
40.62174960084877,61.31094635849021
55.1503526720866,68.26249158431997
55.13785950912209,69.36339323474752
55.150476863060476,81.40192270397593
88.5273149065472,86.11235128202732
55.70890510693167,80.43165597857787
61.35565640180599,69.43972376878777
59.54001763493202,69.40569788763075
56.51391251305798,72.68247552052334
46.84730755359654,65.10385261409591
57.589692204932675,79.02008458135737
42.27174785462428,70.70405184429448
47.63181393259991,64.06543689240465
45.14636452170897,69.33406886691434
50.81874139386323,91.6488477714457
73.14658566673509,78.2604115765442
31.32734807408252,63.6577546663634
56.86260190374514,70.57022153478809
33.87284128810348,65.90569518041792
45.280681342105666,63.73474715722814
60.889505969673664,59.965526386878544
50.64280019095463,62.77274733689322
39.22255222070694,63.09025254651759
42.84696290740032,71.60051851824056
56.79597748934676,94.49705933252028
42.69633368282863,69.34272409702747
52.16458589581975,79.26502080707604
50.45571839903814,64.25814867085816
43.48399652394183,99.83585228470577
71.43944089325326,73.80303292939655
56.33919022318011,85.55543892133892
29.74857413342393,85.06192391074795
51.86454314769428,69.68642112769665
43.38213535231612,67.88486546215101
58.52433334796224,85.329096589878
42.07479261567299,65.50063965321283
48.85263558533101,62.1662814674555
55.049872789804574,65.73196430446363
58.657551941701215,77.48052815801934
37.99703592944224,67.27704957678023
46.654987641590516,78.11223420207747
45.25054688839044,59.167229446265566
43.46670767426288,73.47784730392254
67.65454240281097,63.207112418308895
54.049817109609556,81.84699627428714
37.39116045664955,64.74819787084921
59.17861947054776,74.69636777241786
71.22156197012633,91.92357734878205
60.32465260551147,65.56495954456472
34.80630034045986,76.45437749072893
45.15765927133749,77.51182613588182
62.669111491866225,86.28780482833969
42.923305343812196,65.62608201646428
54.43819428146229,74.40962969818494
57.74634053429337,60.53544338751809
40.73069528421917,68.98519728587343
49.404746439382,61.73785534216783
17.587326599309275,69.88570759378283
39.756123586657104,75.3401743433165
47.4743184860684,63.543065260662104
37.52216818035151,79.32059352461131
66.32411303931636,64.31475220163635
35.69858622039367,73.01422761452507
45.599555133030165,71.73071123445717
51.30740577286091,78.32770306111486
64.41273289066116,76.8073388875808
35.6413784882056,68.36451045202065
61.63163752154959,77.31190936559136
50.10233061019587,64.67159823284098
40.18491348952049,76.48338468645241
54.62103474263271,60.49454941534427
51.9905969557347,95.63128975338134
43.99783122841205,64.15584898324519
50.69802084990019,63.86094877687802
46.1468640313824,63.92329235943005
51.13517345251248,59.41730968269799
56.62130674521046,63.28700040552661
65.86016816145352,72.3511919180503
37.62184501173151,72.81487148770587
71.33033374656267,72.42448043321224
30.479122004774982,79.17974280495523
48.482149049644164,86.23713548972725
55.88317206484576,67.20661811913412
52.809918677350325,77.36017941155343
43.77300480179406,90.01012673067856
47.918777496427246,68.39515719570649
45.06999065341167,98.67040877201426
44.106352430557884,59.963269654132276
58.49602097021025,71.30856088450344
53.57015485965047,59.981864221699354
43.070904047393455,60.696101789059234
58.995998754332504,74.34221190345632
53.072995208766095,62.240545413992876
58.1286211883896,64.96181250184128
56.29628841923612,62.558088017425376
41.710049890779274,68.40153221430579
44.39818959803031,73.31712431738883
57.472936051232615,63.18447051387758
56.10370265433465,70.90648033492043
49.79098406035852,70.98635376643651
51.17327383308782,68.76840890880068
62.77664895788425,61.32618750667936
44.0842861116417,60.409537285096995
55.470973811700375,77.00537658822128
47.97807347566106,68.41001117889196
47.8231879677278,60.852155640327645
60.987768519871906,74.88507130420021
58.2541634898803,81.09301664340649
58.135096360006386,69.06853932576186
63.05478807154329,61.14844772138949
50.21003841632759,78.95064604511649
56.81952971294964,74.64525010090085
46.89733243406544,65.47693379764087
53.24166352488442,69.93060614833279
48.698569456323156,64.43269256474875
50.96995964992718,61.501511835843644
55.95157025436914,69.0685660342557
41.81779316766527,60.36898205076212
70.9238727568546,69.7605817994395
39.93982618500298,60.95396423801841
37.85811387212268,88.48680629614225
61.581108735000676,75.64952922246827
57.91662693962936,62.7283550492638
56.24119817052155,77.01723996496635
56.2834550926428,70.2216032350379
49.87753227153085,82.40854803847556
41.02745628514168,78.08383464913534
50.75804558193726,65.45126516039738
43.22838288487888,81.71703319956623
59.75119733417751,63.54789127520931
48.52942618497861,64.17267058887545
41.745028032074885,68.40810542300008
46.78614158347006,64.44023879974425
54.12931454275625,65.78321340411567
44.36275447196025,61.55799104929371
41.77779604433569,63.439696645386164
52.436872114919126,60.67378915363111
52.44966571108723,67.25591150885421
44.9305682462887,76.98592350926012
45.289616943816775,70.95864075040626
52.32049937357636,80.5253689068217
35.51915658502676,98.83338926655208
35.92536225623445,72.65750493049948
42.81555778747564,79.36637112946634
47.86552848288153,63.93984974296362
53.10907565598004,75.88257548309856
64.75356216949552,85.97464747173038
58.576596232020194,69.10189862315163
48.40061470036573,69.29204916537799
49.80983792097311,66.79584533212308
39.97470635362191,98.28282063955712
49.8148686400761,68.70416984492083
47.113413610798624,66.06190863621066
53.227185603380896,84.72471035237353
41.727690564476774,63.34668620857341
55.193465142411725,61.76490243933011
65.32738913002578,66.62731293037453
48.91239851543143,59.51259769614949
54.01711722098941,72.86284730088695
56.90143991711113,76.92028645478064
45.987795281141636,60.07696814711541
52.24092481810417,61.20724905756804
50.12592400781795,76.477871912847
50.97676098548832,68.28270989772433
42.26990216144534,71.36165631383166
50.245101742589426,62.81400315026081
54.979982912454496,84.72985457169997
64.51143607795042,80.23755374887193
59.59270826085207,83.33436526778057
71.53182457511556,83.62581790202258
42.326524371119504,60.96230674776325
58.723206367206785,70.52325864248142
51.83342005738352,73.54195742802654
71.89802933217672,69.65626959336987
41.91701714644849,87.64269679586336
41.60278157819224,68.67995785185667
44.00607354555978,68.71095108493661
28.76104275690193,92.71215113569804
44.74244978319239,69.11324947460818
42.40867338446302,71.12513875272218
51.50393786476208,63.33501212393458
53.41755975777159,79.0853290058271
68.76170839215887,81.92695617863036
59.5042383818605,61.80635056702444
44.23096344337597,69.70001462766348
41.01585328651642,64.10980245571332
54.919191715065054,71.50262677109718
36.797667929793576,87.8172744461749
68.31458765854353,61.06766899918214
61.79440120721287,65.57716377363687
45.30824347895295,60.592780230208845
32.86865470909122,81.48253856720413
63.53872374165413,76.00034392663315
48.85460154747382,78.22620528235139
62.378163119734616,69.70101327276842
34.05572341205633,76.70296399982983
44.00624977046227,68.27375672057421
50.05243699718183,76.88134543417547
50.46980593764742,70.32531882551753
45.49934528520756,77.36428795781326
56.228499323474985,69.29487597958405
39.32379570617405,83.16101485634402
48.576205149787064,83.6466641997113
51.20295631711899,63.605121981092296
55.14438834058749,65.45766971327242
57.11614878088889,81.0461098134557
38.75357908162131,70.59749236721485
34.65885829264378,65.12891857191224
62.77676821898509,90.94444360747852
53.323140119795916,68.08595206726602
42.51513463443446,74.25375340700917
65.51151975522522,61.674061799113005
51.156746342928585,64.51723800243737
61.792971840638266,83.39637938221341
50.67518481410109,65.5998983112291
70.60747924881987,69.59754937205967
67.55340842443205,77.75344862058972
47.51035851520926,65.78950156061373
59.71570950954355,72.5905642137635
56.45375949585148,77.87962343174252
63.68631557532348,88.58141512343374
40.35076539419896,91.5438661201464
56.86051459998439,76.55882384887481
60.58424486849588,61.62417364703542
32.41260513576886,64.63022182585452
38.16741487334225,65.43092229371109
29.607678222398995,70.65342705092816
47.305931655554424,72.80789393257108
57.17542255795962,68.9629894985543
65.02357052096028,62.158100165117126
50.74094780419775,63.66612384369343
66.28615545571292,63.90808397469765
36.198985417851084,85.22345086956895
32.96617560644845,66.67618005601558
49.44452301103381,68.57055496441913
53.840654489393074,72.5052243033806
49.67305251905907,79.57664922635259
29.325578999601234,60.77307358537291
49.10879960487212,78.32651289013236
36.95530499495147,65.21484774343713
56.69672548830039,69.32859563373901
53.665982460968486,67.45075293965775
40.60120213672645,68.40194336644949
44.861330826633065,77.31225164275658
39.40786478111048,59.28681910656967
49.37320902726828,63.24203745259804
59.551423205012384,84.16496658540166
40.14273953664456,63.49310816332566
55.040465155178445,97.76326012361827
44.697423816275595,69.45854768895327
42.07127167737656,84.06056857411778
48.929696400454425,70.37828212778382
39.64757677580626,66.04632609708557
44.46350694652818,79.99608724953976
38.021221074111516,70.75209692418372
69.6472513291639,61.953165324511296
50.35263551971729,77.16483921507171
43.00274492007414,62.40000525499079
52.13979910734222,74.54177245329974
48.87671950309171,67.3673724229247
47.790304004667775,70.10919209871388
56.14166700043425,83.78500919829014
57.57507710047305,65.9473170871437
44.69498852389472,76.82931518651449
44.2418175935532,66.32353029382494
47.24948302848356,79.4618720755395
26.98078835264415,65.57313844868958
34.84808937801448,63.17340897467797
63.66874267444524,58.15794338797376
66.44967713501283,71.26157897819236
47.50963960443622,70.752919411894
55.765569630557664,62.14979953119351
53.112501545435364,68.43082837341818
80.78880808455237,75.24425967463631
61.195749114345766,65.49508947025933
48.72082408519233,69.87766367517597
40.44459559399574,62.99847534006541
33.93553679742428,88.74983918958264
52.03463635867223,67.10907073404876
42.436492547156966,62.53330019036739
35.77746290402326,75.20242128813732
43.534271157574736,81.74771389483332
39.18451996385605,86.34883256759807
66.87141635072565,82.73337795317873
58.816397569494505,75.97955280497304
49.92027358683383,68.25744429123839
64.79944138890026,97.15309425865618
50.77368307647618,69.15772349870537
41.38715798671736,64.90923245138481
65.23124077269657,81.1414446786253
55.38910043684659,91.15580956714028
39.62753845673544,90.3527231620067
48.09661321916392,77.61798242452139
41.24381746615243,76.46437862024409
36.172002690356635,69.35134078686528
59.26177547531641,72.46914500314105
69.0941664047013,66.78168468055982
36.01432426180859,72.70657101394586
55.62969236690571,60.96416313938205
43.49357430878173,64.15974812556372
45.12874616235304,67.9966527326845
44.07606075761131,74.79565908115725
41.36009230320184,76.11621686702665
50.48521627944827,59.30296823429125
41.69049883588962,80.07911843038602
52.704568257798385,76.32113494514613
49.49761890550863,62.073652223863434
47.6105195313359,69.87973327271747
40.92436337958402,88.23963600781468
44.23228669431667,61.42130284144305
57.55391225825756,61.32777099918117
55.009171876243805,82.7172818040564
40.22444755201449,66.1027866815692
50.99332305429226,75.62954846703761
57.51387123371789,86.40259426480634
33.305947188786284,78.48612188015414
55.43360192379935,73.14379854430584
43.37376241054153,62.83191463440081
55.70598668593159,74.78812638126281
42.367408434574834,64.17955360489469
31.95117899335481,76.97061910948744
33.72457562116837,88.75551640058379
50.48084946661382,83.93952892645152
52.59722501721482,64.22684433091125
40.956833748955916,78.39882885064176
56.38592458777374,62.80972812534201
33.3847993773104,87.77761957545651
49.33920201352684,65.65259202844891
37.889838002375434,63.57424180868473
43.48163892197841,67.57879802255877
50.47398671316414,84.24227104776995
41.39586634716048,69.12222899385526
46.154444557701744,66.58001270694085
60.0629280921444,79.32096409185036
44.231081304768516,102.78812360856749
58.35692112065142,61.46976282450604
38.702931453423815,84.57345495115564
55.298041779152825,84.4713104616896
64.41568620657901,67.28284439271646
25.283554998727105,65.36634121578005
42.03104744529523,67.64293397126612
55.7707212718054,76.95763060304915
47.96954613957007,63.66145575304659
53.71145873371309,72.95864706180507
43.960148132841795,81.42978015798315
50.865897874729,63.86202403082412
48.44322764607921,65.84583635842829
61.677820616598076,70.31185999606919
52.54420843301213,71.76012966737927
53.37602662075202,64.67629914390253
45.881230338775325,66.28109886072627
45.123937759275066,69.70175965609211
45.67441812180379,71.9828557629117
53.944521423782966,82.76850098081647
45.79015519179737,62.6671462487541
52.897748568964126,61.83221505726454
70.75400798645438,71.02465827719027
58.711247034316926,97.56438613413701
46.73976467832159,73.5760452102048
62.01213922163945,69.66145188149008
45.91924626978449,64.8080839979337
29.61875464822146,59.51356379696394
39.91913689082596,68.67253780731356
31.292080789741444,82.04058240458366
46.48486515958691,68.24659063213977
50.184183791895514,71.91191576700554
66.76437312275283,80.88307284657549
53.269273737641626,63.93423178509773
47.80899471191136,80.32267339905222
58.294055811834895,70.87340757738559
27.88864690992115,62.19164182340183
52.35614558108566,81.92137715033417
57.70865193886967,78.8722519482693
35.214137542201584,70.5453235888441
61.43754043206929,69.4686304464549
53.38496407494414,63.548995332717
45.847120860991986,77.72489502008966
56.32781866106285,75.24099286563501
72.70692857804396,62.74685098146481
51.81866255058495,68.03686698241353
52.48220586300336,69.41112958435595
45.40639100459756,60.664438608431006
41.50155630535208,65.7810551706065
58.303358165442454,73.54634790476031
41.43916174091133,61.19093153875182
50.715662372193925,74.1553274031179
45.223425532348834,104.28533388165991
54.78979825746392,66.4519823277917
53.33662105286948,73.57833393462788
60.375399442578995,94.00175434808857
44.89983601145253,78.42440172365119
47.30125064706629,68.33568870775306
40.21236284217693,91.0246203630301
45.55706739923889,62.101542476140466
53.77300493044852,71.60004186041468
57.56988616645352,65.53069101069678
40.77834675822375,81.44575143883038
58.6960592010566,70.58968953579894
63.55637858804951,73.70403038565493
54.13434903223701,68.13708669201246
68.76795812558066,74.50437568573479
42.26210800896427,60.928307750549614
37.55345296688583,80.95730194623614
32.212797510957216,66.16105972402129
64.96044311489183,61.86369467701664
56.54365656354058,63.3830130589663
49.44415329089545,85.02955417997654
52.799686263198204,72.88016871480683
38.74510952701623,61.171497013915186
74.45751979616827,61.80002936127358
51.292211819752275,108.65644719819545
51.09394794604893,63.363258466815296
57.25766623898692,71.09851786958076
54.81009231736713,65.68110845487608
52.23884024279131,79.3140889031287
42.09525544554688,62.742139377339065
54.714683571359956,80.28939005060343
68.82024496475033,73.8451205617709
63.454200461549775,67.86723424582823
65.93186626639397,88.5716081668281
44.887843235688145,74.83509814701222
40.10395179741419,64.58192086478768
48.74213079900352,80.16154338492733
50.557249122886944,60.35151343114725
60.94191518470949,72.0124528211703
33.07535370285181,67.67756325353179
65.29550319460614,71.94101607261808
48.419921014210104,69.3108705411734
45.7311893005258,75.83738533085105
39.87895624739832,62.45942737295078
33.451433281342304,64.42534055937061
58.231705839619146,73.9712030602989
50.73317967188404,67.72741091315814
37.10039100258946,89.24323548004072
37.049212279363836,75.33959595131236
46.64215300709872,63.0619795614424
66.69021525289394,80.75273393862831
47.40408648636395,62.45383311653295
34.96857046881894,65.77862237284953
47.54256935914056,77.48315416092395
47.2727643025233,65.2214214322166
23.031133570584284,63.3462365602672
49.45705133482188,72.61468289198191
47.69065469791322,77.74571044134632
56.96206364813418,99.99738096905511
68.48956094945345,67.29647172207032
61.26565029547757,67.13030778125781
47.31111309445169,63.66367982576164
38.9347409125833,63.733004919821894
75.7335980324986,64.07020541881188
50.59218434014488,63.13360426557625
50.13929291912946,60.88460178709365
49.758749128899964,80.99462230262
51.980847607678555,74.76672948898559
48.556395880760576,77.83908171881762
44.26337993119764,77.90403660702604
44.53141058759608,63.09818030159244
49.672467297840015,90.77847161883473
44.56575228866235,70.4875445329912
42.871542173228356,80.04972837098452
51.064302276918966,62.38184802918648
47.45022782579145,73.64919595282885
65.03992988582688,69.37365709360425
23.490301916069882,73.37106130532274
60.91506851922462,69.09409257193408
62.46085192497629,64.60616567777332
29.266097675918505,64.60635186057846
46.57312405919651,65.45848431111743
46.28559134004209,74.57173810289736
35.92488305282179,82.60505917922349
42.22183312409125,67.74014114098199
38.894241545341714,78.68864211996805
67.52270443423623,80.37093531662069
59.35678393147461,75.04265360220971
62.71555094994159,66.83538510711233
57.21672064043235,67.03955529891162
38.70948228782771,60.81195268067161
44.75479733720226,73.97997360379826
54.89374561227918,65.93360107832996
37.778721911080545,77.0977338143956
57.12998430172388,78.19865782643164
47.59674601841865,66.23426429437174
46.251791924504026,60.7104930251886
57.10959968203492,65.35777883843309
54.4426331148604,62.95015732165855
46.3903383418092,67.23927599061463
61.59329803364248,67.45250572465675
39.189366724001026,72.94592990093754
56.15935606944264,80.29024154035203
55.93101257968384,62.384590350563656
46.904535606860094,91.07599171972416
53.26133022242118,73.31590586996917
37.488864236146966,72.07428211600741
59.24027019206901,68.59883550417409
48.15097863557011,64.66386539008163
44.772769794809605,65.81068312712698
60.49009225836889,68.92973995731201
42.95656309457241,72.47699789500396
35.9153870363644,78.09083279627299
34.433708264760966,66.48887906004049
56.06009951345639,62.04105223336309
37.19570647503717,70.254790861319
67.54794181984364,88.39247435897438
29.18070592116278,62.50413800546968
66.96456368290038,72.21191186288794
52.11017467202618,75.30224613732719
49.032868881296075,59.50961171432066
44.550809131910505,91.68222991504919
53.991361143520706,70.55969874169426
49.62365297575152,67.44133473065571
61.03301882016522,64.48566645597656
51.142276486620396,65.88859723929771
51.50301761461878,64.16457136282716
46.36387787786144,69.70483983215675
49.43054376278933,66.3154751898376
53.07801768892059,70.57507925862402
32.89831607343375,64.62873412122173
36.518145778942866,69.44667992982463
57.43264094022715,71.39616826681912
51.708654381279416,71.03267360003018
48.16016663647321,76.21440489885366
50.184339330653934,66.48988840209222
53.47581705361671,74.06294105552044
44.60240319690639,64.37376890811936
42.216952745976876,86.71157078049585
51.958452550976816,61.498205572496175
40.21627222384968,62.69877023951436
54.082527557144715,59.449717366866416
32.9741639576216,65.83829939192103
60.291556373256434,74.90537869463621
54.72597482413043,84.91684118024324
52.56029734313876,76.22700973998087
59.82690983945514,75.42659596639298
66.65474444462576,76.50354206953452
60.1437006501813,86.80646564116631
31.591257686683548,60.939752951304555
37.204230332642986,61.828274420443094
43.75181422304321,61.11051568371395
50.26091050210834,78.17473618530556
55.17659020469123,77.61677238292569
42.742561868465344,63.11508686320231
51.86766764477078,74.9155550916557
42.44617067646678,65.76115729382794
43.884821970080516,63.40622048943994
35.93338903151778,74.6359866644672
40.767667538890954,97.72710457016237
36.48315394383666,72.46548699016502
40.241267470226674,70.45768524587612
60.536417966078396,87.54835090895287
40.50601111168057,67.51961310703192
76.32382064837391,79.82849312216898
54.93317900880889,61.76041008871298
51.84836123694874,73.09040589225262
41.41642219818787,82.37664595585832
57.00309879408991,80.55526298872452
44.24362173762226,85.41699348320357
51.220098146453616,69.87618066210592
75.60084538268795,62.46225706959724
49.0394010027535,84.85289839778116
61.49273326285676,63.294756661399305
42.96823574874112,71.36151664089022
49.65011509503038,92.35236249798015
67.7080063563551,61.94646768977144
43.730329422122324,61.068100418755435
68.12448557996929,67.93798954954141
57.07751935455475,60.34353415134882
44.37533224105732,84.1852725376715
56.32407739055521,69.55723437064705
59.7255444962673,60.593225630584
56.21809962217196,71.81486204787434
34.297752801095434,80.12726492440814
42.728628241751316,69.51335753074326
47.52481364448495,60.913243267014664
49.25566570899954,66.49976170234487
56.20672097550678,69.61917618230238
51.777010009332535,79.68480714557568
36.64655641289899,62.21020788061762
53.801978510059634,84.25463539302
56.10585745283823,69.78894984163212
55.5979044793104,60.50328176317146
60.807807255546216,82.28003142809182
58.33922154548904,65.7643800514996
54.59180079228437,73.16088037192883
49.29834288541353,64.083071840663
33.39039066484009,80.2777600328602
54.29618219132586,87.09988050866566
52.076876871631114,60.884843396151
52.715788371953735,63.00649359317918
37.232514241796906,68.63697622808779
39.189434595917376,63.135153893229734
60.53152853332904,72.48988883105056
49.60444846143345,63.90663274168918
56.81500697372624,74.54663534266008
50.28318376130459,75.52323944936575
50.297561394957434,60.767507746310514
59.382838059759976,88.65071484095387
44.83955271782626,56.88589351078717
50.96120776940983,70.05127013271279
45.377247112949576,84.09163923737697
45.65503772567684,87.05535126955151
46.908278765313604,86.2952594057424
52.221337716337125,63.866714661682245
45.21251378336523,66.3496221281952
62.55756125573521,82.23388224843481
41.05392697780496,72.53872662141761
48.13128355838641,67.38423531665238
45.60268941725825,61.242362059737985
64.46977884353733,86.65862490407939
51.965547765115744,72.90635434487044
60.31844539468635,61.272776103497705
35.14439626963028,72.08637419603922
52.67050265869259,91.39753377904708
58.896307956234374,70.18340967937131
50.82283989275424,62.56347215847802
60.654803750653514,77.61136400443544
44.82711549899628,62.37533247933317
64.0934744018558,62.40850264462083
72.9889812361925,63.429082739183166
46.37161439560341,71.7989753600898
45.54497478599228,62.439048497757746
64.53384477117702,69.13968327988114
65.79572145730712,74.41375906971173
44.771399728467316,80.96640841789333
45.798131829041424,60.05139174913593
47.18215391139493,59.73430896416449
36.55549488965723,68.02737195239885
40.81348053515802,62.10106380055148
39.95859233247932,76.55879464466936
42.32202434895871,63.876538379336566
49.65315112613219,69.50423363309622
52.342147325365204,64.94811654507279
65.50500492814076,74.22872159273105
40.016459592612094,64.04714855489655
59.843223984765835,57.184322874047986
47.86011155774491,63.343644042346256
49.50536290347567,61.47725802232141
56.748194921666034,90.35132041086268
38.772779784377015,65.98561833371834
53.82409746184051,59.64278581813419
51.66452208213056,62.70949544876183
54.92451264008149,76.97641000599346
52.89168643907818,78.01247901498255
74.55300139910894,74.17780369325892
43.62260015748684,73.56240179554294
44.690030449981826,65.5714434530756
43.76859473575236,70.46362486113216
44.44522880839745,87.74130278609721
43.62612872693482,79.46476494179656
61.89016531107552,74.04805917697138
64.20504247989855,76.75212125384024
44.29253706250524,70.77535493092199
41.67644426895771,79.71178740084154
54.71415556386404,64.07615458259549
44.477769557190285,66.069719150473
56.32931817755511,64.17516513257142
52.029230208513,62.797499859660995
34.84255885002768,72.82397868396839
65.47505201330061,70.19802927907826
67.95877673095522,85.0808480454577
43.87211309515614,80.07787495630163
46.122984400640156,85.27304166219184
52.85865390724905,74.15969202399629
53.34456789987025,75.4932819628786
56.5854427267283,75.48503786057145
70.1020453876635,64.29731046273734
48.2305277250595,77.45447636283859
42.01702755461546,62.523648545135856
36.20680771985473,67.71258778009108
42.69069960058081,70.7642938041135
49.66873027126203,79.51073180575426
67.94557863517788,79.47360621582878
44.823887009638284,69.7884594115621
52.237879516388986,64.11945142104108
49.83577103927248,84.69014018310527
61.88393273448084,72.30765930979038
75.26932425873622,71.06026389333033
44.69131227079679,80.94821161769046
45.10560557481778,79.32912563033095
60.44160877069072,68.15973681403479
56.81891489626312,64.49492490133716
68.46707325736034,63.43568641865594
55.83928185325964,72.86923845745896
46.40707909212941,68.4015192352523
55.90654830692309,67.6469831203502
61.087035805829075,59.64407578021616
58.204821811973645,68.36443130949826
55.07274031107298,56.91586663417727
60.66674689589154,65.3667107298482
61.692955904456724,61.31449616941198
63.82158991037527,60.560247161054264
56.48709887589643,59.66249222954588
48.328819196831454,66.97333043060367
51.46713686433323,86.43490679265676
62.06508966508357,67.94300421314838
41.83064329012764,63.981354162656416
53.686733088729014,70.33450372050554
46.06661187672639,65.61563850061636
50.28744822934817,76.65903221354911
62.78451862607299,66.0089260942091
51.910990680199035,63.866010736397165
50.46436548156149,67.8027061568372
36.401438590200804,84.067396254659
57.46253566027221,78.50432457405228
56.45484181141075,78.49166604999917
71.6325472330546,64.00987076723642
46.922217650469996,85.05973537505643
52.19150327663939,93.83841144136568
52.49383683710755,68.43227560968857
65.77453279763475,68.60662382813408
49.047044676130476,85.85863286655015
52.790215257703395,65.34055738439784
56.078965097165394,72.02015094742544
51.86609123156358,68.26849214846608
45.535663854494715,62.36326901844635
51.94089992898308,65.11205430429932
60.73631749859772,90.61505126728952
39.7348470058894,72.27493978647175
51.32969674146876,76.30188466794662
42.99879185060827,63.475088476383526
61.950466289248425,91.09378658104914
34.76813095216225,73.34584504804091
44.410781527284115,97.93943113658683
53.772118750645205,63.94830115619213
65.65524029234341,78.78786596287839
49.34249738927012,90.70026685394001
44.44800473306802,77.05445188995213
68.8115706944059,66.73359483702471
35.51986099583756,68.27225968505674
28.011940433799182,60.1554989167
54.40014450053332,100.77584831789162
44.97945775647389,80.2346274510736
39.787671828692865,62.88573121976737
57.08356447299353,66.63796731913875
52.43800713771199,73.75894503733154
44.359213692632714,60.876668205843785
37.19695601329106,66.08526323010216
58.724573282801444,66.54184372824695
56.50201177958661,64.97282155509946
49.00824136220617,65.40667267566825
68.46636996047665,69.76098039418224
39.29915233673847,67.22963387736698
34.74474829075261,65.75561360264726
43.080919301187556,64.90120111663272
49.54413983644502,76.52797522133606
52.43339449322692,63.20065226741706
47.5876394214367,84.66348458700476
53.520553965142966,79.99520620695543
37.484605758095555,72.82202738201943
64.4376460407326,67.48764066609806
49.178488216074314,70.30688794806632
61.17295831588128,83.12229232528934
53.42725346377704,90.48478112396066
54.567532191537836,106.47957530529283
55.69767280232204,77.45721342052633
54.47708560017315,61.680760545702704
56.42722759867544,62.049956963851486
63.29152530132431,63.353699752185975
51.9652116970147,66.98851421487615
57.09003757588512,68.05323133363098
49.102643057127736,70.11822630851681
64.40117215449473,60.95068700777356
43.2360769794073,62.419252679072855
68.00940432910815,63.10911937840948
49.59842049355657,65.62646680345914
35.69224897881952,77.32522684559467
51.28104414910789,66.00501797096885
43.18948342525119,103.98938081998041
58.406435489887244,67.74739845867744
43.47376020697609,65.87266663004688
45.538165667852205,58.91897892319144
31.104592690544692,65.6410112156132
45.47693680750923,78.66416214828752
25.761206733710434,72.87918721943412
34.16097176514277,70.72445705367537
57.604146561442974,66.37371067954737
57.85800158650832,74.10845410496472
54.254575617849646,78.69251215626346
40.33023856870787,68.26081886748149
49.5228864385802,73.30263983753446
49.963974609094315,71.75591118905922
38.416353108074574,66.22516346908026
65.0339830176715,70.63930918692685
58.77362290575672,67.84361236428931
47.79035826170336,71.26136276907764
50.26885838994531,70.04624690305438
52.08382807947552,74.20986139498393
29.582651315757094,72.15691406380778
47.52822617479403,77.8527143423932
43.180157520022014,70.25509632328638
39.983799901050844,63.82476914939339
47.18899707114045,76.08823328971846
67.97686526849523,60.011134544290535
56.4084286126701,75.01586805703681
44.28821010217203,61.93508845940544
55.72582781356159,71.34982031156886
